date,sex,sex_nr,sex_label,age_gr,age_gr_nr,age_gr_label,cases_confirmed,deaths,cases_confirmed_new,deaths_new
16-04-2020,Females,0,Females,00-09,1,00-09,11,0,11,0
07-03-2020,Females,0,Females,00-09,1,00-09,11,0,0,
14-04-2020,Females,0,Females,00-09,1,00-09,11,0,0,0
24-03-2020,Females,0,Females,00-09,1,00-09,11,0,0,
09-05-2020,Females,0,Females,00-09,1,00-09,11,0,0,0
03-04-2020,Females,0,Females,00-09,1,00-09,13,0,2,0
04-04-2020,Females,0,Females,00-09,1,00-09,22,0,9,0
14-03-2020,Females,0,Females,00-09,1,00-09,22,0,0,
21-05-2020,Females,0,Females,00-09,1,00-09,26,0,4,0
20-03-2020,Females,0,Females,00-09,1,00-09,26,0,0,
26-03-2020,Females,0,Females,00-09,1,00-09,34,0,8,0
02-05-2020,Females,0,Females,00-09,1,00-09,38,0,4,0
25-03-2020,Females,0,Females,00-09,1,00-09,41,0,3,0
25-04-2020,Females,0,Females,00-09,1,00-09,43,0,2,0
07-04-2020,Females,0,Females,00-09,1,00-09,43,0,0,0
31-03-2020,Females,0,Females,00-09,1,00-09,52,0,9,0
16-05-2020,Females,0,Females,00-09,1,00-09,57,0,5,0
01-04-2020,Females,0,Females,00-09,1,00-09,62,0,5,0
08-05-2020,Females,0,Females,00-09,1,00-09,66,0,4,0
12-04-2020,Females,0,Females,00-09,1,00-09,81,0,15,0
10-04-2020,Females,0,Females,00-09,1,00-09,99,0,18,0
19-03-2020,Females,0,Females,00-09,1,00-09,100,0,1,
08-04-2020,Females,0,Females,00-09,1,00-09,108,0,8,0
01-03-2020,Females,0,Females,00-09,1,00-09,108,0,,
13-05-2020,Females,0,Females,00-09,1,00-09,111,0,3,0
23-04-2020,Females,0,Females,00-09,1,00-09,111,0,0,0
11-03-2020,Females,0,Females,00-09,1,00-09,111,0,0,
15-05-2020,Females,0,Females,00-09,1,00-09,114,0,3,0
06-05-2020,Females,0,Females,00-09,1,00-09,116,0,2,0
30-03-2020,Females,0,Females,00-09,1,00-09,117,0,1,0
26-05-2020,Females,0,Females,00-09,1,00-09,123,0,6,0
22-04-2020,Females,0,Females,00-09,1,00-09,123,0,0,0
13-04-2020,Females,0,Females,00-09,1,00-09,123,0,0,0
17-03-2020,Females,0,Females,00-09,1,00-09,123,0,0,
05-03-2020,Females,0,Females,00-09,1,00-09,123,0,0,
11-04-2020,Females,0,Females,00-09,1,00-09,136,0,13,0
23-03-2020,Females,0,Females,00-09,1,00-09,137,0,1,
03-03-2020,Females,0,Females,00-09,1,00-09,137,0,,
17-04-2020,Females,0,Females,00-09,1,00-09,138,0,1,0
12-05-2020,Females,0,Females,00-09,1,00-09,138,0,0,0
02-03-2020,Females,0,Females,00-09,1,00-09,138,0,,
29-04-2020,Females,0,Females,00-09,1,00-09,140,0,2,0
23-05-2020,Females,0,Females,00-09,1,00-09,145,0,5,0
05-05-2020,Females,0,Females,00-09,1,00-09,149,0,4,0
22-03-2020,Females,0,Females,00-09,1,00-09,152,0,3,
09-04-2020,Females,0,Females,00-09,1,00-09,158,0,6,0
28-04-2020,Females,0,Females,00-09,1,00-09,167,0,9,0
27-04-2020,Females,0,Females,00-09,1,00-09,168,0,1,0
12-03-2020,Females,0,Females,00-09,1,00-09,168,0,0,
19-04-2020,Females,0,Females,00-09,1,00-09,178,0,10,0
28-03-2020,Females,0,Females,00-09,1,00-09,182,0,4,0
15-04-2020,Females,0,Females,00-09,1,00-09,188,0,6,0
25-05-2020,Females,0,Females,00-09,1,00-09,191,0,3,0
22-05-2020,Females,0,Females,00-09,1,00-09,196,0,5,0
04-03-2020,Females,0,Females,00-09,1,00-09,196,0,0,
13-03-2020,Females,0,Females,00-09,1,00-09,196,0,0,
06-04-2020,Females,0,Females,00-09,1,00-09,202,0,6,0
24-04-2020,Females,0,Females,00-09,1,00-09,202,0,0,0
18-03-2020,Females,0,Females,00-09,1,00-09,213,0,11,
21-04-2020,Females,0,Females,00-09,1,00-09,213,0,0,0
08-03-2020,Females,0,Females,00-09,1,00-09,213,0,0,
14-05-2020,Females,0,Females,00-09,1,00-09,219,0,6,0
21-03-2020,Females,0,Females,00-09,1,00-09,219,0,0,
04-05-2020,Females,0,Females,00-09,1,00-09,224,0,5,0
24-05-2020,Females,0,Females,00-09,1,00-09,229,0,5,0
20-05-2020,Females,0,Females,00-09,1,00-09,234,0,5,0
01-05-2020,Females,0,Females,00-09,1,00-09,234,0,0,0
30-04-2020,Females,0,Females,00-09,1,00-09,235,0,1,0
03-05-2020,Females,0,Females,00-09,1,00-09,235,0,0,0
20-04-2020,Females,0,Females,00-09,1,00-09,243,0,8,0
26-04-2020,Females,0,Females,00-09,1,00-09,247,0,4,0
27-03-2020,Females,0,Females,00-09,1,00-09,248,0,1,0
19-05-2020,Females,0,Females,00-09,1,00-09,249,0,1,0
11-05-2020,Females,0,Females,00-09,1,00-09,250,0,1,0
10-03-2020,Females,0,Females,00-09,1,00-09,250,0,0,
07-05-2020,Females,0,Females,00-09,1,00-09,258,0,8,0
02-04-2020,Females,0,Females,00-09,1,00-09,266,0,8,0
16-03-2020,Females,0,Females,00-09,1,00-09,268,0,2,
29-03-2020,Females,0,Females,00-09,1,00-09,274,0,6,0
09-03-2020,Females,0,Females,00-09,1,00-09,274,0,0,
10-05-2020,Females,0,Females,00-09,1,00-09,274,0,0,0
18-04-2020,Females,0,Females,00-09,1,00-09,280,0,6,0
06-03-2020,Females,0,Females,00-09,1,00-09,280,0,0,
05-04-2020,Females,0,Females,00-09,1,00-09,287,0,7,0
17-05-2020,Females,0,Females,00-09,1,00-09,289,0,2,0
18-05-2020,Females,0,Females,00-09,1,00-09,293,0,4,0
15-03-2020,Females,0,Females,00-09,1,00-09,293,0,0,
28-04-2020,Females,0,Females,10-19,2,10-19,4,0,4,0
19-04-2020,Females,0,Females,10-19,2,10-19,17,0,13,0
11-04-2020,Females,0,Females,10-19,2,10-19,27,0,10,0
25-04-2020,Females,0,Females,10-19,2,10-19,37,0,10,0
04-04-2020,Females,0,Females,10-19,2,10-19,42,0,5,0
27-03-2020,Females,0,Females,10-19,2,10-19,45,0,3,0
24-04-2020,Females,0,Females,10-19,2,10-19,55,0,10,0
21-04-2020,Females,0,Females,10-19,2,10-19,57,0,2,0
07-04-2020,Females,0,Females,10-19,2,10-19,68,0,11,0
25-03-2020,Females,0,Females,10-19,2,10-19,75,0,7,0
17-03-2020,Females,0,Females,10-19,2,10-19,77,0,2,
11-03-2020,Females,0,Females,10-19,2,10-19,80,0,3,
08-03-2020,Females,0,Females,10-19,2,10-19,82,0,2,
06-03-2020,Females,0,Females,10-19,2,10-19,82,0,0,
29-04-2020,Females,0,Females,10-19,2,10-19,86,0,4,0
26-05-2020,Females,0,Females,10-19,2,10-19,95,0,9,0
16-05-2020,Females,0,Females,10-19,2,10-19,104,0,9,0
09-03-2020,Females,0,Females,10-19,2,10-19,104,0,0,
22-03-2020,Females,0,Females,10-19,2,10-19,108,0,4,
29-03-2020,Females,0,Females,10-19,2,10-19,116,0,8,0
05-03-2020,Females,0,Females,10-19,2,10-19,116,0,0,
13-03-2020,Females,0,Females,10-19,2,10-19,119,0,3,
16-03-2020,Females,0,Females,10-19,2,10-19,119,0,0,
19-03-2020,Females,0,Females,10-19,2,10-19,120,0,1,
18-05-2020,Females,0,Females,10-19,2,10-19,123,0,3,0
12-04-2020,Females,0,Females,10-19,2,10-19,128,0,5,0
12-03-2020,Females,0,Females,10-19,2,10-19,129,0,1,
21-05-2020,Females,0,Females,10-19,2,10-19,135,0,6,0
06-05-2020,Females,0,Females,10-19,2,10-19,135,0,0,0
26-03-2020,Females,0,Females,10-19,2,10-19,144,0,9,0
14-03-2020,Females,0,Females,10-19,2,10-19,147,0,3,
02-03-2020,Females,0,Females,10-19,2,10-19,147,0,,
18-03-2020,Females,0,Females,10-19,2,10-19,149,0,2,
01-04-2020,Females,0,Females,10-19,2,10-19,161,0,12,0
03-05-2020,Females,0,Females,10-19,2,10-19,161,0,0,0
02-05-2020,Females,0,Females,10-19,2,10-19,162,0,1,0
15-04-2020,Females,0,Females,10-19,2,10-19,171,0,9,0
04-03-2020,Females,0,Females,10-19,2,10-19,171,0,0,
02-04-2020,Females,0,Females,10-19,2,10-19,177,0,6,0
22-05-2020,Females,0,Females,10-19,2,10-19,188,0,11,0
05-04-2020,Females,0,Females,10-19,2,10-19,204,0,16,0
17-05-2020,Females,0,Females,10-19,2,10-19,210,0,6,0
30-03-2020,Females,0,Females,10-19,2,10-19,218,0,8,0
21-03-2020,Females,0,Females,10-19,2,10-19,222,0,4,
25-05-2020,Females,0,Females,10-19,2,10-19,227,0,5,0
31-03-2020,Females,0,Females,10-19,2,10-19,248,0,21,0
09-04-2020,Females,0,Females,10-19,2,10-19,263,0,15,0
30-04-2020,Females,0,Females,10-19,2,10-19,270,0,7,0
09-05-2020,Females,0,Females,10-19,2,10-19,277,0,7,0
10-05-2020,Females,0,Females,10-19,2,10-19,284,0,7,0
14-04-2020,Females,0,Females,10-19,2,10-19,296,0,12,0
17-04-2020,Females,0,Females,10-19,2,10-19,298,0,2,0
23-04-2020,Females,0,Females,10-19,2,10-19,307,0,9,0
27-04-2020,Females,0,Females,10-19,2,10-19,311,0,4,0
23-03-2020,Females,0,Females,10-19,2,10-19,316,0,5,
10-04-2020,Females,0,Females,10-19,2,10-19,340,0,24,0
19-05-2020,Females,0,Females,10-19,2,10-19,344,0,4,0
14-05-2020,Females,0,Females,10-19,2,10-19,347,0,3,0
08-05-2020,Females,0,Females,10-19,2,10-19,354,0,7,0
11-05-2020,Females,0,Females,10-19,2,10-19,357,0,3,0
22-04-2020,Females,0,Females,10-19,2,10-19,389,0,32,0
06-04-2020,Females,0,Females,10-19,2,10-19,391,0,2,0
05-05-2020,Females,0,Females,10-19,2,10-19,392,0,1,0
24-03-2020,Females,0,Females,10-19,2,10-19,391,0,-1,
12-05-2020,Females,0,Females,10-19,2,10-19,399,0,8,0
20-03-2020,Females,0,Females,10-19,2,10-19,400,0,1,
04-05-2020,Females,0,Females,10-19,2,10-19,404,0,4,0
03-04-2020,Females,0,Females,10-19,2,10-19,414,0,10,0
08-04-2020,Females,0,Females,10-19,2,10-19,423,0,9,0
23-05-2020,Females,0,Females,10-19,2,10-19,428,0,5,0
18-04-2020,Females,0,Females,10-19,2,10-19,444,0,16,0
01-05-2020,Females,0,Females,10-19,2,10-19,451,0,7,0
07-03-2020,Females,0,Females,10-19,2,10-19,452,0,1,
20-05-2020,Females,0,Females,10-19,2,10-19,462,0,10,0
03-03-2020,Females,0,Females,10-19,2,10-19,462,0,,
28-03-2020,Females,0,Females,10-19,2,10-19,475,0,13,0
13-04-2020,Females,0,Females,10-19,2,10-19,475,0,0,0
16-04-2020,Females,0,Females,10-19,2,10-19,484,0,9,0
15-05-2020,Females,0,Females,10-19,2,10-19,490,0,6,0
26-04-2020,Females,0,Females,10-19,2,10-19,499,0,9,0
01-03-2020,Females,0,Females,10-19,2,10-19,499,0,,
07-05-2020,Females,0,Females,10-19,2,10-19,507,0,8,0
15-03-2020,Females,0,Females,10-19,2,10-19,511,0,4,
13-05-2020,Females,0,Females,10-19,2,10-19,514,0,3,0
10-03-2020,Females,0,Females,10-19,2,10-19,514,0,0,
24-05-2020,Females,0,Females,10-19,2,10-19,520,0,6,0
20-04-2020,Females,0,Females,10-19,2,10-19,549,0,29,0
07-04-2020,Females,0,Females,20-29,3,20-29,48,0,48,0
09-05-2020,Females,0,Females,20-29,3,20-29,56,0,8,0
13-03-2020,Females,0,Females,20-29,3,20-29,58,0,2,
26-05-2020,Females,0,Females,20-29,3,20-29,81,0,23,0
11-05-2020,Females,0,Females,20-29,3,20-29,93,0,12,0
20-04-2020,Females,0,Females,20-29,3,20-29,167,0,74,0
22-05-2020,Females,0,Females,20-29,3,20-29,196,0,29,0
23-04-2020,Females,0,Females,20-29,3,20-29,232,0,36,0
11-03-2020,Females,0,Females,20-29,3,20-29,232,0,0,
21-05-2020,Females,0,Females,20-29,3,20-29,248,0,16,0
23-05-2020,Females,0,Females,20-29,3,20-29,281,0,33,0
04-04-2020,Females,0,Females,20-29,3,20-29,333,0,52,0
01-04-2020,Females,0,Females,20-29,3,20-29,366,0,33,0
10-05-2020,Females,0,Females,20-29,3,20-29,375,0,9,0
05-05-2020,Females,0,Females,20-29,3,20-29,379,0,4,0
18-03-2020,Females,0,Females,20-29,3,20-29,400,0,21,
12-04-2020,Females,0,Females,20-29,3,20-29,448,0,48,0
14-03-2020,Females,0,Females,20-29,3,20-29,452,0,4,
07-03-2020,Females,0,Females,20-29,3,20-29,452,0,0,
18-05-2020,Females,0,Females,20-29,3,20-29,470,0,18,0
30-04-2020,Females,0,Females,20-29,3,20-29,505,0,35,0
04-03-2020,Females,0,Females,20-29,3,20-29,505,0,0,
21-04-2020,Females,0,Females,20-29,3,20-29,528,0,23,0
05-03-2020,Females,0,Females,20-29,3,20-29,528,0,0,
15-04-2020,Females,0,Females,20-29,3,20-29,578,0,50,0
27-03-2020,Females,0,Females,20-29,3,20-29,598,0,20,0
15-05-2020,Females,0,Females,20-29,3,20-29,629,0,31,0
25-05-2020,Females,0,Females,20-29,3,20-29,645,0,16,0
09-04-2020,Females,0,Females,20-29,3,20-29,695,0,50,0
17-04-2020,Females,0,Females,20-29,3,20-29,707,0,12,0
16-03-2020,Females,0,Females,20-29,3,20-29,712,0,5,
16-04-2020,Females,0,Females,20-29,3,20-29,773,0,61,0
12-03-2020,Females,0,Females,20-29,3,20-29,773,0,0,
10-04-2020,Females,0,Females,20-29,3,20-29,886,0,113,0
01-03-2020,Females,0,Females,20-29,3,20-29,886,0,,
17-05-2020,Females,0,Females,20-29,3,20-29,909,0,23,0
20-03-2020,Females,0,Females,20-29,3,20-29,923,0,14,
15-03-2020,Females,0,Females,20-29,3,20-29,928,0,5,
26-04-2020,Females,0,Females,20-29,3,20-29,960,0,32,0
04-05-2020,Females,0,Females,20-29,3,20-29,985,0,25,0
11-04-2020,Females,0,Females,20-29,3,20-29,1008,0,23,0
02-04-2020,Females,0,Females,20-29,3,20-29,1044,0,36,0
28-03-2020,Females,0,Females,20-29,3,20-29,1092,0,48,0
22-03-2020,Females,0,Females,20-29,3,20-29,1108,0,16,
28-04-2020,Females,0,Females,20-29,3,20-29,1128,0,20,0
08-03-2020,Females,0,Females,20-29,3,20-29,1129,0,1,
19-05-2020,Females,0,Females,20-29,3,20-29,1146,0,17,0
19-04-2020,Females,0,Females,20-29,3,20-29,1170,0,24,0
23-03-2020,Females,0,Females,20-29,3,20-29,1205,0,35,
03-05-2020,Females,0,Females,20-29,3,20-29,1207,0,2,0
06-03-2020,Females,0,Females,20-29,3,20-29,1207,0,0,
08-04-2020,Females,0,Females,20-29,3,20-29,1247,0,40,0
09-03-2020,Females,0,Females,20-29,3,20-29,1247,0,0,
25-03-2020,Females,0,Females,20-29,3,20-29,1293,0,46,0
24-04-2020,Females,0,Females,20-29,3,20-29,1331,0,38,0
26-03-2020,Females,0,Females,20-29,3,20-29,1374,0,43,0
19-03-2020,Females,0,Females,20-29,3,20-29,1383,0,9,
05-04-2020,Females,0,Females,20-29,3,20-29,1443,0,60,0
21-03-2020,Females,0,Females,20-29,3,20-29,1467,0,24,
12-05-2020,Females,0,Females,20-29,3,20-29,1490,0,23,0
08-05-2020,Females,0,Females,20-29,3,20-29,1525,0,35,0
06-04-2020,Females,0,Females,20-29,3,20-29,1541,0,16,0
16-05-2020,Females,0,Females,20-29,3,20-29,1565,0,24,0
14-05-2020,Females,0,Females,20-29,3,20-29,1586,0,21,0
25-04-2020,Females,0,Females,20-29,3,20-29,1610,0,24,0
30-03-2020,Females,0,Females,20-29,3,20-29,1636,0,26,0
31-03-2020,Females,0,Females,20-29,3,20-29,1700,0,64,0
24-03-2020,Females,0,Females,20-29,3,20-29,1705,0,5,
13-04-2020,Females,0,Females,20-29,3,20-29,1734,0,29,0
01-05-2020,Females,0,Females,20-29,3,20-29,1751,0,17,0
24-05-2020,Females,0,Females,20-29,3,20-29,1767,0,16,0
03-03-2020,Females,0,Females,20-29,3,20-29,1767,0,,
13-05-2020,Females,0,Females,20-29,3,20-29,1794,0,27,0
10-03-2020,Females,0,Females,20-29,3,20-29,1794,0,0,
18-04-2020,Females,0,Females,20-29,3,20-29,1846,0,52,0
17-03-2020,Females,0,Females,20-29,3,20-29,1850,0,4,
02-05-2020,Females,0,Females,20-29,3,20-29,1869,0,19,0
29-03-2020,Females,0,Females,20-29,3,20-29,1914,0,45,0
07-05-2020,Females,0,Females,20-29,3,20-29,1954,0,40,0
14-04-2020,Females,0,Females,20-29,3,20-29,1989,0,35,0
02-03-2020,Females,0,Females,20-29,3,20-29,1989,0,,
29-04-2020,Females,0,Females,20-29,3,20-29,1999,0,10,0
20-05-2020,Females,0,Females,20-29,3,20-29,2023,0,24,0
06-05-2020,Females,0,Females,20-29,3,20-29,2073,0,50,0
27-04-2020,Females,0,Females,20-29,3,20-29,2080,0,7,0
22-04-2020,Females,0,Females,20-29,3,20-29,2127,0,47,0
03-04-2020,Females,0,Females,20-29,3,20-29,2201,0,74,0
14-04-2020,Females,0,Females,30-39,4,30-39,35,0,35,0
20-05-2020,Females,0,Females,30-39,4,30-39,55,0,20,0
03-03-2020,Females,0,Females,30-39,4,30-39,55,0,,
23-03-2020,Females,0,Females,30-39,4,30-39,88,0,33,
19-05-2020,Females,0,Females,30-39,4,30-39,117,0,29,0
25-03-2020,Females,0,Females,30-39,4,30-39,171,0,54,0
01-04-2020,Females,0,Females,30-39,4,30-39,238,0,67,0
05-05-2020,Females,0,Females,30-39,4,30-39,248,0,10,0
19-04-2020,Females,0,Females,30-39,4,30-39,297,0,49,0
04-03-2020,Females,0,Females,30-39,4,30-39,297,0,0,
30-03-2020,Females,0,Females,30-39,4,30-39,331,0,34,0
13-04-2020,Females,0,Females,30-39,4,30-39,364,0,33,0
16-04-2020,Females,0,Females,30-39,4,30-39,437,0,73,0
09-04-2020,Females,0,Females,30-39,4,30-39,485,0,48,0
12-05-2020,Females,0,Females,30-39,4,30-39,506,0,21,0
10-03-2020,Females,0,Females,30-39,4,30-39,506,0,0,
13-05-2020,Females,0,Females,30-39,4,30-39,527,0,21,0
12-03-2020,Females,0,Females,30-39,4,30-39,528,0,1,
30-04-2020,Females,0,Females,30-39,4,30-39,560,0,32,0
17-03-2020,Females,0,Females,30-39,4,30-39,567,0,7,
23-04-2020,Females,0,Females,30-39,4,30-39,599,0,32,0
03-05-2020,Females,0,Females,30-39,4,30-39,600,0,1,0
31-03-2020,Females,0,Females,30-39,4,30-39,681,0,81,0
21-03-2020,Females,0,Females,30-39,4,30-39,707,0,26,
29-03-2020,Females,0,Females,30-39,4,30-39,763,0,56,0
26-04-2020,Females,0,Females,30-39,4,30-39,798,0,35,0
24-04-2020,Females,0,Females,30-39,4,30-39,831,0,33,0
15-04-2020,Females,0,Females,30-39,4,30-39,891,0,60,0
16-03-2020,Females,0,Females,30-39,4,30-39,896,0,5,
28-03-2020,Females,0,Females,30-39,4,30-39,971,0,75,0
20-03-2020,Females,0,Females,30-39,4,30-39,988,0,17,
18-03-2020,Females,0,Females,30-39,4,30-39,1006,0,18,
22-05-2020,Females,0,Females,30-39,4,30-39,1034,0,28,0
06-03-2020,Females,0,Females,30-39,4,30-39,1034,0,0,
11-03-2020,Females,0,Females,30-39,4,30-39,1037,0,3,
09-03-2020,Females,0,Females,30-39,4,30-39,1038,0,1,
07-03-2020,Females,0,Females,30-39,4,30-39,1039,0,1,
25-04-2020,Females,0,Females,30-39,4,30-39,1077,0,38,0
05-04-2020,Females,0,Females,30-39,4,30-39,1133,0,56,0
04-05-2020,Females,0,Females,30-39,4,30-39,1159,0,26,0
08-04-2020,Females,0,Females,30-39,4,30-39,1231,0,72,0
01-05-2020,Females,0,Females,30-39,4,30-39,1265,0,34,0
04-04-2020,Females,0,Females,30-39,4,30-39,1317,0,52,0
17-05-2020,Females,0,Females,30-39,4,30-39,1340,0,23,0
24-03-2020,Females,0,Females,30-39,4,30-39,1365,0,25,
02-05-2020,Females,0,Females,30-39,4,30-39,1389,0,24,0
14-05-2020,Females,0,Females,30-39,4,30-39,1406,0,17,0
06-05-2020,Females,0,Females,30-39,4,30-39,1457,0,51,0
02-03-2020,Females,0,Females,30-39,4,30-39,1457,0,,
06-04-2020,Females,0,Females,30-39,4,30-39,1487,0,30,0
08-03-2020,Females,0,Females,30-39,4,30-39,1487,0,0,
11-05-2020,Females,0,Females,30-39,4,30-39,1488,0,1,0
27-04-2020,Females,0,Females,30-39,4,30-39,1497,0,9,0
21-04-2020,Females,0,Females,30-39,4,30-39,1516,0,19,0
29-04-2020,Females,0,Females,30-39,4,30-39,1528,0,12,0
15-03-2020,Females,0,Females,30-39,4,30-39,1536,0,8,
08-05-2020,Females,0,Females,30-39,4,30-39,1609,0,73,0
14-03-2020,Females,0,Females,30-39,4,30-39,1617,0,8,
03-04-2020,Females,0,Females,30-39,4,30-39,1707,0,90,0
11-04-2020,Females,0,Females,30-39,4,30-39,1736,0,29,0
23-05-2020,Females,0,Females,30-39,4,30-39,1745,0,9,0
07-05-2020,Females,0,Females,30-39,4,30-39,1808,0,63,0
24-05-2020,Females,0,Females,30-39,4,30-39,1818,0,10,0
13-03-2020,Females,0,Females,30-39,4,30-39,1821,0,3,
05-03-2020,Females,0,Females,30-39,4,30-39,1821,0,0,
16-05-2020,Females,0,Females,30-39,4,30-39,1838,0,17,0
12-04-2020,Females,0,Females,30-39,4,30-39,1877,0,39,0
07-04-2020,Females,0,Females,30-39,4,30-39,1935,0,58,0
19-03-2020,Females,0,Females,30-39,4,30-39,1955,0,20,
22-04-2020,Females,0,Females,30-39,4,30-39,2019,0,64,0
25-05-2020,Females,0,Females,30-39,4,30-39,2023,0,4,0
28-04-2020,Females,0,Females,30-39,4,30-39,2037,0,14,0
01-03-2020,Females,0,Females,30-39,4,30-39,2037,0,,
27-03-2020,Females,0,Females,30-39,4,30-39,2091,0,54,0
10-05-2020,Females,0,Females,30-39,4,30-39,2106,0,15,0
15-05-2020,Females,0,Females,30-39,4,30-39,2134,0,28,0
18-04-2020,Females,0,Females,30-39,4,30-39,2192,0,58,0
17-04-2020,Females,0,Females,30-39,4,30-39,2205,0,13,0
02-04-2020,Females,0,Females,30-39,4,30-39,2263,0,58,0
26-03-2020,Females,0,Females,30-39,4,30-39,2313,0,50,0
21-05-2020,Females,0,Females,30-39,4,30-39,2331,0,18,0
22-03-2020,Females,0,Females,30-39,4,30-39,2361,0,30,
26-05-2020,Females,0,Females,30-39,4,30-39,2380,0,19,0
09-05-2020,Females,0,Females,30-39,4,30-39,2389,0,9,0
10-04-2020,Females,0,Females,30-39,4,30-39,2509,0,120,0
20-04-2020,Females,0,Females,30-39,4,30-39,2553,0,44,0
18-05-2020,Females,0,Females,30-39,4,30-39,2568,0,15,0
29-03-2020,Females,0,Females,40-49,5,40-49,96,0,96,0
20-05-2020,Females,0,Females,40-49,5,40-49,105,0,9,0
09-03-2020,Females,0,Females,40-49,5,40-49,108,0,3,
14-05-2020,Females,0,Females,40-49,5,40-49,120,0,12,0
21-03-2020,Females,0,Females,40-49,5,40-49,147,0,27,
31-03-2020,Females,0,Females,40-49,5,40-49,245,0,98,0
08-04-2020,Females,0,Females,40-49,5,40-49,330,0,85,0
08-03-2020,Females,0,Females,40-49,5,40-49,332,0,2,
10-03-2020,Females,0,Females,40-49,5,40-49,332,0,0,
12-03-2020,Females,0,Females,40-49,5,40-49,333,0,1,
24-04-2020,Females,0,Females,40-49,5,40-49,348,0,15,0
16-03-2020,Females,0,Females,40-49,5,40-49,353,0,5,
26-03-2020,Females,0,Females,40-49,5,40-49,441,0,88,0
07-05-2020,Females,0,Females,40-49,5,40-49,509,0,68,0
28-03-2020,Females,0,Females,40-49,5,40-49,615,1,106,1
29-04-2020,Females,0,Females,40-49,5,40-49,633,1,18,0
07-03-2020,Females,0,Females,40-49,5,40-49,634,1,1,
25-05-2020,Females,0,Females,40-49,5,40-49,643,1,9,0
19-03-2020,Females,0,Females,40-49,5,40-49,657,1,14,
13-03-2020,Females,0,Females,40-49,5,40-49,661,1,4,
21-05-2020,Females,0,Females,40-49,5,40-49,689,1,28,0
14-03-2020,Females,0,Females,40-49,5,40-49,694,1,5,
25-03-2020,Females,0,Females,40-49,5,40-49,749,1,55,0
13-05-2020,Females,0,Females,40-49,5,40-49,762,1,13,0
23-05-2020,Females,0,Females,40-49,5,40-49,782,1,20,0
09-04-2020,Females,0,Females,40-49,5,40-49,842,1,60,0
10-05-2020,Females,0,Females,40-49,5,40-49,853,1,11,0
02-03-2020,Females,0,Females,40-49,5,40-49,853,1,,
17-03-2020,Females,0,Females,40-49,5,40-49,868,1,15,
06-03-2020,Females,0,Females,40-49,5,40-49,868,1,0,
16-04-2020,Females,0,Females,40-49,5,40-49,947,1,79,0
22-03-2020,Females,0,Females,40-49,5,40-49,987,1,40,
11-03-2020,Females,0,Females,40-49,5,40-49,989,1,2,
25-04-2020,Females,0,Females,40-49,5,40-49,1048,1,59,0
11-04-2020,Females,0,Females,40-49,5,40-49,1108,1,60,0
01-04-2020,Females,0,Females,40-49,5,40-49,1189,1,81,0
17-04-2020,Females,0,Females,40-49,5,40-49,1204,1,15,0
22-04-2020,Females,0,Females,40-49,5,40-49,1304,1,100,0
12-04-2020,Females,0,Females,40-49,5,40-49,1355,2,51,1
23-04-2020,Females,0,Females,40-49,5,40-49,1370,2,15,0
21-04-2020,Females,0,Females,40-49,5,40-49,1391,2,21,0
26-05-2020,Females,0,Females,40-49,5,40-49,1397,2,6,0
13-04-2020,Females,0,Females,40-49,5,40-49,1418,3,21,1
19-05-2020,Females,0,Females,40-49,5,40-49,1450,3,32,0
15-03-2020,Females,0,Females,40-49,5,40-49,1458,3,8,
02-04-2020,Females,0,Females,40-49,5,40-49,1549,3,91,0
04-04-2020,Females,0,Females,40-49,5,40-49,1613,4,64,1
27-03-2020,Females,0,Females,40-49,5,40-49,1708,5,95,1
01-05-2020,Females,0,Females,40-49,5,40-49,1730,5,22,0
26-04-2020,Females,0,Females,40-49,5,40-49,1775,5,45,0
20-03-2020,Females,0,Females,40-49,5,40-49,1792,5,17,
18-05-2020,Females,0,Females,40-49,5,40-49,1805,5,13,0
16-05-2020,Females,0,Females,40-49,5,40-49,1822,5,17,0
17-05-2020,Females,0,Females,40-49,5,40-49,1852,5,30,0
19-04-2020,Females,0,Females,40-49,5,40-49,1908,5,56,0
11-05-2020,Females,0,Females,40-49,5,40-49,1909,5,1,0
10-04-2020,Females,0,Females,40-49,5,40-49,2067,5,158,0
09-05-2020,Females,0,Females,40-49,5,40-49,2074,6,7,1
18-04-2020,Females,0,Females,40-49,5,40-49,2133,6,59,0
22-05-2020,Females,0,Females,40-49,5,40-49,2153,6,20,0
06-04-2020,Females,0,Females,40-49,5,40-49,2190,6,37,0
04-03-2020,Females,0,Females,40-49,5,40-49,2191,6,1,
05-04-2020,Females,0,Females,40-49,5,40-49,2266,6,75,0
08-05-2020,Females,0,Females,40-49,5,40-49,2321,6,55,0
15-05-2020,Females,0,Females,40-49,5,40-49,2338,6,17,0
24-03-2020,Females,0,Females,40-49,5,40-49,2336,6,-2,
30-04-2020,Females,0,Females,40-49,5,40-49,2364,6,28,0
30-03-2020,Females,0,Females,40-49,5,40-49,2400,6,36,0
20-04-2020,Females,0,Females,40-49,5,40-49,2469,6,69,0
03-03-2020,Females,0,Females,40-49,5,40-49,2469,6,,
02-05-2020,Females,0,Females,40-49,5,40-49,2488,6,19,0
12-05-2020,Females,0,Females,40-49,5,40-49,2506,6,18,0
03-05-2020,Females,0,Females,40-49,5,40-49,2507,6,1,0
06-05-2020,Females,0,Females,40-49,5,40-49,2567,6,60,0
01-03-2020,Females,0,Females,40-49,5,40-49,2567,6,,
14-04-2020,Females,0,Females,40-49,5,40-49,2623,6,56,0
27-04-2020,Females,0,Females,40-49,5,40-49,2638,6,15,0
03-04-2020,Females,0,Females,40-49,5,40-49,2761,6,123,0
05-03-2020,Females,0,Females,40-49,5,40-49,2761,6,0,
07-04-2020,Females,0,Females,40-49,5,40-49,2830,6,69,0
28-04-2020,Females,0,Females,40-49,5,40-49,2860,6,30,0
24-05-2020,Females,0,Females,40-49,5,40-49,2863,6,3,0
04-05-2020,Females,0,Females,40-49,5,40-49,2888,6,25,0
18-03-2020,Females,0,Females,40-49,5,40-49,2916,6,28,
05-05-2020,Females,0,Females,40-49,5,40-49,2930,6,14,0
15-04-2020,Females,0,Females,40-49,5,40-49,3004,6,74,0
23-03-2020,Females,0,Females,40-49,5,40-49,3057,6,53,
09-04-2020,Females,0,Females,50-59,6,50-59,66,0,66,0
06-03-2020,Females,0,Females,50-59,6,50-59,66,0,0,
15-03-2020,Females,0,Females,50-59,6,50-59,77,0,11,
22-03-2020,Females,0,Females,50-59,6,50-59,118,0,41,
26-05-2020,Females,0,Females,50-59,6,50-59,127,0,9,0
18-05-2020,Females,0,Females,50-59,6,50-59,147,0,20,0
08-05-2020,Females,0,Females,50-59,6,50-59,205,0,58,0
17-04-2020,Females,0,Females,50-59,6,50-59,224,0,19,0
07-03-2020,Females,0,Females,50-59,6,50-59,224,0,0,
10-04-2020,Females,0,Females,50-59,6,50-59,391,0,167,0
12-03-2020,Females,0,Females,50-59,6,50-59,391,0,0,
13-03-2020,Females,0,Females,50-59,6,50-59,392,0,1,
03-05-2020,Females,0,Females,50-59,6,50-59,395,0,3,0
21-04-2020,Females,0,Females,50-59,6,50-59,435,0,40,0
20-05-2020,Females,0,Females,50-59,6,50-59,448,0,13,0
09-05-2020,Females,0,Females,50-59,6,50-59,459,0,11,0
17-03-2020,Females,0,Females,50-59,6,50-59,470,0,11,
01-03-2020,Females,0,Females,50-59,6,50-59,470,0,,
24-05-2020,Females,0,Females,50-59,6,50-59,475,0,5,0
22-04-2020,Females,0,Females,50-59,6,50-59,547,0,72,0
19-03-2020,Females,0,Females,50-59,6,50-59,557,0,10,
12-04-2020,Females,0,Females,50-59,6,50-59,620,0,63,0
15-04-2020,Females,0,Females,50-59,6,50-59,693,0,73,0
16-04-2020,Females,0,Females,50-59,6,50-59,780,0,87,0
08-03-2020,Females,0,Females,50-59,6,50-59,780,0,0,
30-04-2020,Females,0,Females,50-59,6,50-59,839,1,59,1
06-04-2020,Females,0,Females,50-59,6,50-59,886,1,47,0
15-05-2020,Females,0,Females,50-59,6,50-59,899,2,13,1
28-03-2020,Females,0,Females,50-59,6,50-59,1003,2,104,0
21-03-2020,Females,0,Females,50-59,6,50-59,1026,2,23,
03-04-2020,Females,0,Females,50-59,6,50-59,1122,2,96,0
14-03-2020,Females,0,Females,50-59,6,50-59,1125,2,3,
11-04-2020,Females,0,Females,50-59,6,50-59,1171,3,46,1
01-04-2020,Females,0,Females,50-59,6,50-59,1238,3,67,0
17-05-2020,Females,0,Females,50-59,6,50-59,1271,3,33,0
27-03-2020,Females,0,Females,50-59,6,50-59,1340,3,69,0
16-05-2020,Females,0,Females,50-59,6,50-59,1362,3,22,0
08-04-2020,Females,0,Females,50-59,6,50-59,1452,3,90,0
19-05-2020,Females,0,Females,50-59,6,50-59,1468,3,16,0
11-03-2020,Females,0,Females,50-59,6,50-59,1468,3,0,
13-05-2020,Females,0,Females,50-59,6,50-59,1485,3,17,0
26-03-2020,Females,0,Females,50-59,6,50-59,1562,3,77,0
25-03-2020,Females,0,Females,50-59,6,50-59,1630,3,68,0
31-03-2020,Females,0,Females,50-59,6,50-59,1756,3,126,0
07-05-2020,Females,0,Females,50-59,6,50-59,1801,3,45,0
20-03-2020,Females,0,Females,50-59,6,50-59,1831,3,30,
27-04-2020,Females,0,Females,50-59,6,50-59,1841,3,10,0
25-05-2020,Females,0,Females,50-59,6,50-59,1856,4,15,1
21-05-2020,Females,0,Females,50-59,6,50-59,1867,4,11,0
24-03-2020,Females,0,Females,50-59,6,50-59,1888,4,21,
05-03-2020,Females,0,Females,50-59,6,50-59,1888,4,0,
16-03-2020,Females,0,Females,50-59,6,50-59,1893,4,5,
04-05-2020,Females,0,Females,50-59,6,50-59,1933,4,40,0
19-04-2020,Females,0,Females,50-59,6,50-59,1993,4,60,0
09-03-2020,Females,0,Females,50-59,6,50-59,1994,4,1,
18-03-2020,Females,0,Females,50-59,6,50-59,2012,4,18,
11-05-2020,Females,0,Females,50-59,6,50-59,2020,4,8,0
29-04-2020,Females,0,Females,50-59,6,50-59,2038,4,18,0
02-05-2020,Females,0,Females,50-59,6,50-59,2044,4,6,0
10-03-2020,Females,0,Females,50-59,6,50-59,2044,4,0,
29-03-2020,Females,0,Females,50-59,6,50-59,2126,4,82,0
03-03-2020,Females,0,Females,50-59,6,50-59,2126,4,,
24-04-2020,Females,0,Females,50-59,6,50-59,2161,4,35,0
23-05-2020,Females,0,Females,50-59,6,50-59,2181,4,20,0
14-04-2020,Females,0,Females,50-59,6,50-59,2236,5,55,1
04-03-2020,Females,0,Females,50-59,6,50-59,2236,5,0,
02-04-2020,Females,0,Females,50-59,6,50-59,2325,6,89,1
05-04-2020,Females,0,Females,50-59,6,50-59,2400,6,75,0
06-05-2020,Females,0,Females,50-59,6,50-59,2451,6,51,0
04-04-2020,Females,0,Females,50-59,6,50-59,2521,6,70,0
13-04-2020,Females,0,Females,50-59,6,50-59,2555,7,34,1
01-05-2020,Females,0,Females,50-59,6,50-59,2590,8,35,1
14-05-2020,Females,0,Females,50-59,6,50-59,2617,9,27,1
30-03-2020,Females,0,Females,50-59,6,50-59,2649,9,32,0
07-04-2020,Females,0,Females,50-59,6,50-59,2728,9,79,0
26-04-2020,Females,0,Females,50-59,6,50-59,2760,9,32,0
12-05-2020,Females,0,Females,50-59,6,50-59,2775,10,15,1
02-03-2020,Females,0,Females,50-59,6,50-59,2775,10,,
05-05-2020,Females,0,Females,50-59,6,50-59,2783,10,8,0
20-04-2020,Females,0,Females,50-59,6,50-59,2841,10,58,0
25-04-2020,Females,0,Females,50-59,6,50-59,2896,11,55,1
10-05-2020,Females,0,Females,50-59,6,50-59,2911,11,15,0
23-03-2020,Females,0,Females,50-59,6,50-59,2951,11,40,
23-04-2020,Females,0,Females,50-59,6,50-59,2976,11,25,0
18-04-2020,Females,0,Females,50-59,6,50-59,3053,11,77,0
22-05-2020,Females,0,Females,50-59,6,50-59,3072,11,19,0
28-04-2020,Females,0,Females,50-59,6,50-59,3093,12,21,1
03-03-2020,Females,0,Females,60-69,7,60-69,0,0,,
12-03-2020,Females,0,Females,60-69,7,60-69,0,0,0,
03-05-2020,Females,0,Females,60-69,7,60-69,0,1,0,1
02-03-2020,Females,0,Females,60-69,7,60-69,0,1,,
19-03-2020,Females,0,Females,60-69,7,60-69,-14,1,-14,
04-03-2020,Females,0,Females,60-69,7,60-69,-14,1,0,
24-05-2020,Females,0,Females,60-69,7,60-69,-4,1,10,0
05-04-2020,Females,0,Females,60-69,7,60-69,50,3,54,2
05-05-2020,Females,0,Females,60-69,7,60-69,67,4,17,1
10-04-2020,Females,0,Females,60-69,7,60-69,164,4,97,0
22-05-2020,Females,0,Females,60-69,7,60-69,174,5,10,1
31-03-2020,Females,0,Females,60-69,7,60-69,244,5,70,0
03-04-2020,Females,0,Females,60-69,7,60-69,301,6,57,1
09-05-2020,Females,0,Females,60-69,7,60-69,316,6,15,0
21-05-2020,Females,0,Females,60-69,7,60-69,330,6,14,0
11-05-2020,Females,0,Females,60-69,7,60-69,337,7,7,1
14-04-2020,Females,0,Females,60-69,7,60-69,390,8,53,1
25-05-2020,Females,0,Females,60-69,7,60-69,390,10,0,2
09-03-2020,Females,0,Females,60-69,7,60-69,390,10,0,
14-03-2020,Females,0,Females,60-69,7,60-69,390,10,0,
24-04-2020,Females,0,Females,60-69,7,60-69,419,11,29,1
18-03-2020,Females,0,Females,60-69,7,60-69,450,11,31,
13-04-2020,Females,0,Females,60-69,7,60-69,469,14,19,3
18-04-2020,Females,0,Females,60-69,7,60-69,505,16,36,2
28-04-2020,Females,0,Females,60-69,7,60-69,531,18,26,2
08-04-2020,Females,0,Females,60-69,7,60-69,582,20,51,2
15-03-2020,Females,0,Females,60-69,7,60-69,585,20,3,
22-03-2020,Females,0,Females,60-69,7,60-69,601,20,16,
25-04-2020,Females,0,Females,60-69,7,60-69,632,21,31,1
25-03-2020,Females,0,Females,60-69,7,60-69,668,21,36,0
30-03-2020,Females,0,Females,60-69,7,60-69,699,21,31,0
07-05-2020,Females,0,Females,60-69,7,60-69,721,21,22,0
12-04-2020,Females,0,Females,60-69,7,60-69,757,21,36,0
17-03-2020,Females,0,Females,60-69,7,60-69,764,21,7,
06-03-2020,Females,0,Females,60-69,7,60-69,764,21,0,
05-03-2020,Females,0,Females,60-69,7,60-69,764,21,0,
20-05-2020,Females,0,Females,60-69,7,60-69,777,21,13,0
15-05-2020,Females,0,Females,60-69,7,60-69,785,22,8,1
28-03-2020,Females,0,Females,60-69,7,60-69,850,22,65,0
04-04-2020,Females,0,Females,60-69,7,60-69,894,23,44,1
16-05-2020,Females,0,Females,60-69,7,60-69,906,23,12,0
24-03-2020,Females,0,Females,60-69,7,60-69,969,23,63,
04-05-2020,Females,0,Females,60-69,7,60-69,983,23,14,0
07-04-2020,Females,0,Females,60-69,7,60-69,1026,26,43,3
29-03-2020,Females,0,Females,60-69,7,60-69,1079,26,53,0
01-05-2020,Females,0,Females,60-69,7,60-69,1086,27,7,1
16-03-2020,Females,0,Females,60-69,7,60-69,1091,27,5,
13-05-2020,Females,0,Females,60-69,7,60-69,1091,29,0,2
27-03-2020,Females,0,Females,60-69,7,60-69,1156,30,65,1
30-04-2020,Females,0,Females,60-69,7,60-69,1157,30,1,0
10-03-2020,Females,0,Females,60-69,7,60-69,1157,30,0,
21-03-2020,Females,0,Females,60-69,7,60-69,1179,30,22,
01-04-2020,Females,0,Females,60-69,7,60-69,1235,30,56,0
17-04-2020,Females,0,Females,60-69,7,60-69,1248,30,13,0
27-04-2020,Females,0,Females,60-69,7,60-69,1264,32,16,2
08-05-2020,Females,0,Females,60-69,7,60-69,1294,32,30,0
26-05-2020,Females,0,Females,60-69,7,60-69,1307,33,13,1
21-04-2020,Females,0,Females,60-69,7,60-69,1359,33,52,0
15-04-2020,Females,0,Females,60-69,7,60-69,1398,35,39,2
20-04-2020,Females,0,Females,60-69,7,60-69,1409,35,11,0
02-04-2020,Females,0,Females,60-69,7,60-69,1462,36,53,1
06-04-2020,Females,0,Females,60-69,7,60-69,1487,37,25,1
22-04-2020,Females,0,Females,60-69,7,60-69,1504,37,17,0
07-03-2020,Females,0,Females,60-69,7,60-69,1505,37,1,
18-05-2020,Females,0,Females,60-69,7,60-69,1512,37,7,0
19-05-2020,Females,0,Females,60-69,7,60-69,1527,37,15,0
12-05-2020,Females,0,Females,60-69,7,60-69,1537,37,10,0
19-04-2020,Females,0,Females,60-69,7,60-69,1558,38,21,1
23-04-2020,Females,0,Females,60-69,7,60-69,1578,39,20,1
16-04-2020,Females,0,Females,60-69,7,60-69,1617,39,39,0
11-04-2020,Females,0,Females,60-69,7,60-69,1647,40,30,1
23-03-2020,Females,0,Females,60-69,7,60-69,1683,40,36,
13-03-2020,Females,0,Females,60-69,7,60-69,1685,40,2,
02-05-2020,Females,0,Females,60-69,7,60-69,1692,40,7,0
11-03-2020,Females,0,Females,60-69,7,60-69,1692,40,0,
17-05-2020,Females,0,Females,60-69,7,60-69,1700,40,8,0
20-03-2020,Females,0,Females,60-69,7,60-69,1718,40,18,
09-04-2020,Females,0,Females,60-69,7,60-69,1760,40,42,0
26-03-2020,Females,0,Females,60-69,7,60-69,1763,40,3,0
23-05-2020,Females,0,Females,60-69,7,60-69,1780,41,17,1
29-04-2020,Females,0,Females,60-69,7,60-69,1792,42,12,1
14-05-2020,Females,0,Females,60-69,7,60-69,1794,42,2,0
01-03-2020,Females,0,Females,60-69,7,60-69,1794,42,,
26-04-2020,Females,0,Females,60-69,7,60-69,1811,43,17,1
06-05-2020,Females,0,Females,60-69,7,60-69,1829,43,18,0
10-05-2020,Females,0,Females,60-69,7,60-69,1833,43,4,0
08-03-2020,Females,0,Females,60-69,7,60-69,1833,43,0,
14-04-2020,Females,0,Females,70-79,8,70-79,43,2,43,2
11-03-2020,Females,0,Females,70-79,8,70-79,43,2,0,
24-04-2020,Females,0,Females,70-79,8,70-79,64,3,21,1
20-05-2020,Females,0,Females,70-79,8,70-79,66,3,2,0
05-04-2020,Females,0,Females,70-79,8,70-79,95,5,29,2
20-04-2020,Females,0,Females,70-79,8,70-79,132,8,37,3
08-03-2020,Females,0,Females,70-79,8,70-79,133,8,1,
01-03-2020,Females,0,Females,70-79,8,70-79,133,8,,
19-03-2020,Females,0,Females,70-79,8,70-79,124,8,-9,
12-04-2020,Females,0,Females,70-79,8,70-79,160,10,36,2
13-03-2020,Females,0,Females,70-79,8,70-79,160,10,0,
18-03-2020,Females,0,Females,70-79,8,70-79,179,10,19,
19-04-2020,Females,0,Females,70-79,8,70-79,205,15,26,5
11-04-2020,Females,0,Females,70-79,8,70-79,237,18,32,3
02-05-2020,Females,0,Females,70-79,8,70-79,243,19,6,1
25-03-2020,Females,0,Females,70-79,8,70-79,271,19,28,0
19-05-2020,Females,0,Females,70-79,8,70-79,276,19,5,0
07-04-2020,Females,0,Females,70-79,8,70-79,303,21,27,2
21-03-2020,Females,0,Females,70-79,8,70-79,310,21,7,
27-03-2020,Females,0,Females,70-79,8,70-79,356,24,46,3
21-04-2020,Females,0,Females,70-79,8,70-79,362,26,6,2
29-04-2020,Females,0,Females,70-79,8,70-79,372,29,10,3
22-05-2020,Females,0,Females,70-79,8,70-79,376,32,4,3
24-05-2020,Females,0,Females,70-79,8,70-79,377,32,1,0
15-05-2020,Females,0,Females,70-79,8,70-79,382,32,5,0
13-04-2020,Females,0,Females,70-79,8,70-79,413,35,31,3
30-04-2020,Females,0,Females,70-79,8,70-79,417,38,4,3
10-04-2020,Females,0,Females,70-79,8,70-79,491,39,74,1
24-03-2020,Females,0,Females,70-79,8,70-79,524,39,33,
26-05-2020,Females,0,Females,70-79,8,70-79,528,40,4,1
13-05-2020,Females,0,Females,70-79,8,70-79,541,41,13,1
08-04-2020,Females,0,Females,70-79,8,70-79,579,47,38,6
03-03-2020,Females,0,Females,70-79,8,70-79,579,47,,
09-03-2020,Females,0,Females,70-79,8,70-79,580,47,1,
28-03-2020,Females,0,Females,70-79,8,70-79,625,47,45,0
22-03-2020,Females,0,Females,70-79,8,70-79,634,47,9,
12-03-2020,Females,0,Females,70-79,8,70-79,634,47,0,
01-04-2020,Females,0,Females,70-79,8,70-79,670,48,36,1
06-04-2020,Females,0,Females,70-79,8,70-79,694,50,24,2
25-04-2020,Females,0,Females,70-79,8,70-79,710,50,16,0
15-04-2020,Females,0,Females,70-79,8,70-79,726,54,16,4
16-03-2020,Females,0,Females,70-79,8,70-79,731,54,5,
06-05-2020,Females,0,Females,70-79,8,70-79,737,55,6,1
28-04-2020,Females,0,Females,70-79,8,70-79,757,57,20,2
17-04-2020,Females,0,Females,70-79,8,70-79,770,59,13,2
02-03-2020,Females,0,Females,70-79,8,70-79,770,59,,
04-03-2020,Females,0,Females,70-79,8,70-79,770,59,0,
10-03-2020,Females,0,Females,70-79,8,70-79,770,59,0,
16-05-2020,Females,0,Females,70-79,8,70-79,774,59,4,0
23-03-2020,Females,0,Females,70-79,8,70-79,796,59,22,
04-05-2020,Females,0,Females,70-79,8,70-79,813,64,17,5
31-03-2020,Females,0,Females,70-79,8,70-79,847,69,34,5
08-05-2020,Females,0,Females,70-79,8,70-79,865,71,18,2
11-05-2020,Females,0,Females,70-79,8,70-79,867,71,2,0
05-03-2020,Females,0,Females,70-79,8,70-79,867,71,0,
05-05-2020,Females,0,Females,70-79,8,70-79,891,71,24,0
18-04-2020,Females,0,Females,70-79,8,70-79,920,75,29,4
27-04-2020,Females,0,Females,70-79,8,70-79,929,75,9,0
09-05-2020,Females,0,Females,70-79,8,70-79,945,75,16,0
20-03-2020,Females,0,Females,70-79,8,70-79,957,75,12,
23-05-2020,Females,0,Females,70-79,8,70-79,966,75,9,0
14-03-2020,Females,0,Females,70-79,8,70-79,967,75,1,
18-05-2020,Females,0,Females,70-79,8,70-79,969,77,2,2
15-03-2020,Females,0,Females,70-79,8,70-79,970,77,1,
21-05-2020,Females,0,Females,70-79,8,70-79,974,77,4,0
12-05-2020,Females,0,Females,70-79,8,70-79,979,78,5,1
29-03-2020,Females,0,Females,70-79,8,70-79,1030,81,51,3
09-04-2020,Females,0,Females,70-79,8,70-79,1070,81,40,0
03-05-2020,Females,0,Females,70-79,8,70-79,1070,83,0,2
06-03-2020,Females,0,Females,70-79,8,70-79,1071,83,1,
17-03-2020,Females,0,Females,70-79,8,70-79,1074,83,3,
14-05-2020,Females,0,Females,70-79,8,70-79,1075,86,1,3
10-05-2020,Females,0,Females,70-79,8,70-79,1082,87,7,1
25-05-2020,Females,0,Females,70-79,8,70-79,1082,89,0,2
30-03-2020,Females,0,Females,70-79,8,70-79,1115,90,33,1
02-04-2020,Females,0,Females,70-79,8,70-79,1139,91,24,1
26-04-2020,Females,0,Females,70-79,8,70-79,1166,93,27,2
03-04-2020,Females,0,Females,70-79,8,70-79,1184,101,18,8
26-03-2020,Females,0,Females,70-79,8,70-79,1183,102,-1,1
07-05-2020,Females,0,Females,70-79,8,70-79,1191,103,8,1
23-04-2020,Females,0,Females,70-79,8,70-79,1202,105,11,2
16-04-2020,Females,0,Females,70-79,8,70-79,1229,108,27,3
07-03-2020,Females,0,Females,70-79,8,70-79,1229,108,0,
17-05-2020,Females,0,Females,70-79,8,70-79,1233,109,4,1
04-04-2020,Females,0,Females,70-79,8,70-79,1263,108,30,-1
01-05-2020,Females,0,Females,70-79,8,70-79,1269,108,6,0
22-04-2020,Females,0,Females,70-79,8,70-79,1316,108,47,0
24-05-2020,Females,0,Females,80+,9,80+,2,7,2,7
01-04-2020,Females,0,Females,80+,9,80+,94,18,92,11
14-05-2020,Females,0,Females,80+,9,80+,103,20,9,2
10-05-2020,Females,0,Females,80+,9,80+,105,27,2,7
04-05-2020,Females,0,Females,80+,9,80+,125,33,20,6
04-03-2020,Females,0,Females,80+,9,80+,125,33,0,
16-03-2020,Females,0,Females,80+,9,80+,130,33,5,
17-05-2020,Females,0,Females,80+,9,80+,142,38,12,5
24-04-2020,Females,0,Females,80+,9,80+,185,50,43,12
19-03-2020,Females,0,Females,80+,9,80+,195,50,10,
19-05-2020,Females,0,Females,80+,9,80+,209,57,14,7
23-05-2020,Females,0,Females,80+,9,80+,227,63,18,6
22-03-2020,Females,0,Females,80+,9,80+,240,63,13,
28-03-2020,Females,0,Females,80+,9,80+,303,70,63,7
21-05-2020,Females,0,Females,80+,9,80+,306,77,3,7
30-03-2020,Females,0,Females,80+,9,80+,360,85,54,8
11-04-2020,Females,0,Females,80+,9,80+,462,95,102,10
01-03-2020,Females,0,Females,80+,9,80+,462,95,,
07-04-2020,Females,0,Females,80+,9,80+,577,110,115,15
21-03-2020,Females,0,Females,80+,9,80+,588,110,11,
03-04-2020,Females,0,Females,80+,9,80+,637,120,49,10
18-05-2020,Females,0,Females,80+,9,80+,639,127,2,7
10-04-2020,Females,0,Females,80+,9,80+,819,139,180,12
08-04-2020,Females,0,Females,80+,9,80+,859,150,40,11
06-04-2020,Females,0,Females,80+,9,80+,939,157,80,7
14-03-2020,Females,0,Females,80+,9,80+,940,157,1,
25-03-2020,Females,0,Females,80+,9,80+,995,160,55,3
09-04-2020,Females,0,Females,80+,9,80+,1178,174,183,14
15-04-2020,Females,0,Females,80+,9,80+,1245,184,67,10
26-05-2020,Females,0,Females,80+,9,80+,1265,187,20,3
09-03-2020,Females,0,Females,80+,9,80+,1265,187,0,
23-03-2020,Females,0,Females,80+,9,80+,1299,187,34,
02-03-2020,Females,0,Females,80+,9,80+,1299,187,,
13-05-2020,Females,0,Females,80+,9,80+,1310,192,11,5
03-03-2020,Females,0,Females,80+,9,80+,1310,192,,
18-04-2020,Females,0,Females,80+,9,80+,1392,202,82,10
25-04-2020,Females,0,Females,80+,9,80+,1459,211,67,9
26-03-2020,Females,0,Females,80+,9,80+,1495,216,36,5
30-04-2020,Females,0,Females,80+,9,80+,1558,221,63,5
10-03-2020,Females,0,Females,80+,9,80+,1558,221,0,
26-04-2020,Females,0,Females,80+,9,80+,1644,234,86,13
27-03-2020,Females,0,Females,80+,9,80+,1680,237,36,3
04-04-2020,Females,0,Females,80+,9,80+,1737,250,57,13
24-03-2020,Females,0,Females,80+,9,80+,1747,250,10,
05-03-2020,Females,0,Females,80+,9,80+,1747,250,0,
18-03-2020,Females,0,Females,80+,9,80+,1746,250,-1,
21-04-2020,Females,0,Females,80+,9,80+,1877,263,131,13
15-03-2020,Females,0,Females,80+,9,80+,1879,263,2,
16-04-2020,Females,0,Females,80+,9,80+,1945,275,66,12
22-05-2020,Females,0,Females,80+,9,80+,1954,277,9,2
03-05-2020,Females,0,Females,80+,9,80+,1955,281,1,4
02-04-2020,Females,0,Females,80+,9,80+,2042,286,87,5
17-04-2020,Females,0,Females,80+,9,80+,2072,296,30,10
08-03-2020,Females,0,Females,80+,9,80+,2072,296,0,
07-05-2020,Females,0,Females,80+,9,80+,2107,302,35,6
12-05-2020,Females,0,Females,80+,9,80+,2125,307,18,5
16-05-2020,Females,0,Females,80+,9,80+,2139,311,14,4
12-04-2020,Females,0,Females,80+,9,80+,2238,330,99,19
05-05-2020,Females,0,Females,80+,9,80+,2269,336,31,6
06-03-2020,Females,0,Females,80+,9,80+,2269,336,0,
06-05-2020,Females,0,Females,80+,9,80+,2294,345,25,9
29-04-2020,Females,0,Females,80+,9,80+,2318,358,24,13
05-04-2020,Females,0,Females,80+,9,80+,2388,364,70,6
02-05-2020,Females,0,Females,80+,9,80+,2409,369,21,5
23-04-2020,Females,0,Females,80+,9,80+,2446,385,37,16
13-04-2020,Females,0,Females,80+,9,80+,2506,399,60,14
20-03-2020,Females,0,Females,80+,9,80+,2512,399,6,
08-05-2020,Females,0,Females,80+,9,80+,2551,404,39,5
29-03-2020,Females,0,Females,80+,9,80+,2600,409,49,5
12-03-2020,Females,0,Females,80+,9,80+,2600,409,0,
31-03-2020,Females,0,Females,80+,9,80+,2674,416,74,7
28-04-2020,Females,0,Females,80+,9,80+,2701,422,27,6
19-04-2020,Females,0,Females,80+,9,80+,2764,433,63,11
07-03-2020,Females,0,Females,80+,9,80+,2764,433,0,
27-04-2020,Females,0,Females,80+,9,80+,2793,444,29,11
01-05-2020,Females,0,Females,80+,9,80+,2831,451,38,7
15-05-2020,Females,0,Females,80+,9,80+,2844,455,13,4
25-05-2020,Females,0,Females,80+,9,80+,2845,458,1,3
17-03-2020,Females,0,Females,80+,9,80+,2849,458,4,
13-03-2020,Females,0,Females,80+,9,80+,2849,458,0,
11-03-2020,Females,0,Females,80+,9,80+,2849,458,0,
22-04-2020,Females,0,Females,80+,9,80+,2869,471,20,13
20-04-2020,Females,0,Females,80+,9,80+,2898,479,29,8
11-05-2020,Females,0,Females,80+,9,80+,2916,483,18,4
14-04-2020,Females,0,Females,80+,9,80+,2994,497,78,14
09-05-2020,Females,0,Females,80+,9,80+,3009,501,15,4
20-05-2020,Females,0,Females,80+,9,80+,3012,507,3,6
28-03-2020,Males,1,Males,00-09,1,00-09,3,0,3,0
28-04-2020,Males,1,Males,00-09,1,00-09,8,0,5,0
07-03-2020,Males,1,Males,00-09,1,00-09,8,0,0,
12-05-2020,Males,1,Males,00-09,1,00-09,13,0,5,0
10-04-2020,Males,1,Males,00-09,1,00-09,34,0,21,0
08-03-2020,Males,1,Males,00-09,1,00-09,34,0,0,
05-05-2020,Males,1,Males,00-09,1,00-09,41,0,7,0
08-05-2020,Males,1,Males,00-09,1,00-09,47,0,6,0
26-04-2020,Males,1,Males,00-09,1,00-09,53,0,6,0
03-03-2020,Males,1,Males,00-09,1,00-09,53,0,,
01-04-2020,Males,1,Males,00-09,1,00-09,58,0,5,0
14-04-2020,Males,1,Males,00-09,1,00-09,64,0,6,0
02-03-2020,Males,1,Males,00-09,1,00-09,64,0,,
03-04-2020,Males,1,Males,00-09,1,00-09,80,0,16,0
23-04-2020,Males,1,Males,00-09,1,00-09,80,0,0,0
31-03-2020,Males,1,Males,00-09,1,00-09,94,0,14,0
17-03-2020,Males,1,Males,00-09,1,00-09,94,0,0,
20-04-2020,Males,1,Males,00-09,1,00-09,100,0,6,0
29-04-2020,Males,1,Males,00-09,1,00-09,100,0,0,0
26-05-2020,Males,1,Males,00-09,1,00-09,107,0,7,0
19-04-2020,Males,1,Males,00-09,1,00-09,114,0,7,0
14-03-2020,Males,1,Males,00-09,1,00-09,114,0,0,
23-05-2020,Males,1,Males,00-09,1,00-09,121,0,7,0
19-03-2020,Males,1,Males,00-09,1,00-09,121,0,0,
11-04-2020,Males,1,Males,00-09,1,00-09,128,0,7,0
14-05-2020,Males,1,Males,00-09,1,00-09,129,0,1,0
02-05-2020,Males,1,Males,00-09,1,00-09,135,0,6,0
04-04-2020,Males,1,Males,00-09,1,00-09,143,0,8,0
11-03-2020,Males,1,Males,00-09,1,00-09,144,0,1,
21-04-2020,Males,1,Males,00-09,1,00-09,144,0,0,0
30-03-2020,Males,1,Males,00-09,1,00-09,150,0,6,0
04-05-2020,Males,1,Males,00-09,1,00-09,159,0,9,0
12-04-2020,Males,1,Males,00-09,1,00-09,162,0,3,0
05-04-2020,Males,1,Males,00-09,1,00-09,167,0,5,0
13-04-2020,Males,1,Males,00-09,1,00-09,168,0,1,0
01-03-2020,Males,1,Males,00-09,1,00-09,168,0,,
27-03-2020,Males,1,Males,00-09,1,00-09,173,0,5,0
15-05-2020,Males,1,Males,00-09,1,00-09,178,0,5,0
29-03-2020,Males,1,Males,00-09,1,00-09,180,0,2,0
15-03-2020,Males,1,Males,00-09,1,00-09,180,0,0,
16-04-2020,Males,1,Males,00-09,1,00-09,186,0,6,0
22-05-2020,Males,1,Males,00-09,1,00-09,189,0,3,0
06-05-2020,Males,1,Males,00-09,1,00-09,190,0,1,0
30-04-2020,Males,1,Males,00-09,1,00-09,190,0,0,0
07-05-2020,Males,1,Males,00-09,1,00-09,197,0,7,0
06-03-2020,Males,1,Males,00-09,1,00-09,197,0,0,
25-04-2020,Males,1,Males,00-09,1,00-09,203,0,6,0
18-03-2020,Males,1,Males,00-09,1,00-09,205,0,2,
25-03-2020,Males,1,Males,00-09,1,00-09,211,0,6,0
05-03-2020,Males,1,Males,00-09,1,00-09,211,0,0,
04-03-2020,Males,1,Males,00-09,1,00-09,211,0,0,
10-05-2020,Males,1,Males,00-09,1,00-09,214,0,3,0
21-03-2020,Males,1,Males,00-09,1,00-09,214,0,0,
06-04-2020,Males,1,Males,00-09,1,00-09,220,0,6,0
11-05-2020,Males,1,Males,00-09,1,00-09,224,0,4,0
24-04-2020,Males,1,Males,00-09,1,00-09,224,0,0,0
25-05-2020,Males,1,Males,00-09,1,00-09,227,0,3,0
23-03-2020,Males,1,Males,00-09,1,00-09,228,0,1,
03-05-2020,Males,1,Males,00-09,1,00-09,228,0,0,0
13-05-2020,Males,1,Males,00-09,1,00-09,231,0,3,0
01-05-2020,Males,1,Males,00-09,1,00-09,235,0,4,0
08-04-2020,Males,1,Males,00-09,1,00-09,240,0,5,0
27-04-2020,Males,1,Males,00-09,1,00-09,241,0,1,0
20-03-2020,Males,1,Males,00-09,1,00-09,242,0,1,
26-03-2020,Males,1,Males,00-09,1,00-09,243,0,1,0
09-05-2020,Males,1,Males,00-09,1,00-09,244,0,1,0
12-03-2020,Males,1,Males,00-09,1,00-09,244,0,0,
02-04-2020,Males,1,Males,00-09,1,00-09,247,0,3,0
21-05-2020,Males,1,Males,00-09,1,00-09,253,0,6,0
17-04-2020,Males,1,Males,00-09,1,00-09,253,0,0,0
22-04-2020,Males,1,Males,00-09,1,00-09,254,0,1,0
15-04-2020,Males,1,Males,00-09,1,00-09,262,0,8,0
09-04-2020,Males,1,Males,00-09,1,00-09,270,0,8,0
16-03-2020,Males,1,Males,00-09,1,00-09,270,0,0,
22-03-2020,Males,1,Males,00-09,1,00-09,272,0,2,
20-05-2020,Males,1,Males,00-09,1,00-09,273,0,1,0
09-03-2020,Males,1,Males,00-09,1,00-09,273,0,0,
18-05-2020,Males,1,Males,00-09,1,00-09,279,0,6,0
16-05-2020,Males,1,Males,00-09,1,00-09,287,0,8,0
24-05-2020,Males,1,Males,00-09,1,00-09,294,0,7,0
07-04-2020,Males,1,Males,00-09,1,00-09,299,0,5,0
13-03-2020,Males,1,Males,00-09,1,00-09,299,0,0,
10-03-2020,Males,1,Males,00-09,1,00-09,299,0,0,
24-03-2020,Males,1,Males,00-09,1,00-09,299,0,0,
17-05-2020,Males,1,Males,00-09,1,00-09,303,0,4,0
18-04-2020,Males,1,Males,00-09,1,00-09,303,0,0,0
19-05-2020,Males,1,Males,00-09,1,00-09,305,0,2,0
04-05-2020,Males,1,Males,10-19,2,10-19,11,0,11,0
05-04-2020,Males,1,Males,10-19,2,10-19,19,0,8,0
07-04-2020,Males,1,Males,10-19,2,10-19,29,0,10,0
22-03-2020,Males,1,Males,10-19,2,10-19,33,0,4,
21-04-2020,Males,1,Males,10-19,2,10-19,37,0,4,0
11-03-2020,Males,1,Males,10-19,2,10-19,39,0,2,
01-05-2020,Males,1,Males,10-19,2,10-19,45,0,6,0
03-03-2020,Males,1,Males,10-19,2,10-19,45,0,,
18-03-2020,Males,1,Males,10-19,2,10-19,47,0,2,
06-05-2020,Males,1,Males,10-19,2,10-19,55,0,8,0
06-04-2020,Males,1,Males,10-19,2,10-19,62,0,7,0
20-04-2020,Males,1,Males,10-19,2,10-19,78,0,16,0
04-04-2020,Males,1,Males,10-19,2,10-19,89,0,11,0
10-04-2020,Males,1,Males,10-19,2,10-19,114,0,25,0
13-04-2020,Males,1,Males,10-19,2,10-19,119,0,5,0
16-05-2020,Males,1,Males,10-19,2,10-19,122,0,3,0
21-03-2020,Males,1,Males,10-19,2,10-19,123,0,1,
08-04-2020,Males,1,Males,10-19,2,10-19,131,0,8,0
06-03-2020,Males,1,Males,10-19,2,10-19,131,0,0,
25-04-2020,Males,1,Males,10-19,2,10-19,133,0,2,0
18-05-2020,Males,1,Males,10-19,2,10-19,136,0,3,0
28-03-2020,Males,1,Males,10-19,2,10-19,142,0,6,0
09-03-2020,Males,1,Males,10-19,2,10-19,143,0,1,
10-03-2020,Males,1,Males,10-19,2,10-19,143,0,0,
01-03-2020,Males,1,Males,10-19,2,10-19,143,0,,
15-03-2020,Males,1,Males,10-19,2,10-19,145,0,2,
26-03-2020,Males,1,Males,10-19,2,10-19,159,0,14,0
03-04-2020,Males,1,Males,10-19,2,10-19,166,0,7,0
12-03-2020,Males,1,Males,10-19,2,10-19,166,0,0,
26-04-2020,Males,1,Males,10-19,2,10-19,174,0,8,0
02-05-2020,Males,1,Males,10-19,2,10-19,177,0,3,0
02-03-2020,Males,1,Males,10-19,2,10-19,177,0,,
16-04-2020,Males,1,Males,10-19,2,10-19,183,0,6,0
25-03-2020,Males,1,Males,10-19,2,10-19,188,0,5,0
13-05-2020,Males,1,Males,10-19,2,10-19,193,0,5,0
22-04-2020,Males,1,Males,10-19,2,10-19,222,0,29,0
24-03-2020,Males,1,Males,10-19,2,10-19,222,0,0,
31-03-2020,Males,1,Males,10-19,2,10-19,236,0,14,0
02-04-2020,Males,1,Males,10-19,2,10-19,244,0,8,0
20-03-2020,Males,1,Males,10-19,2,10-19,248,0,4,
19-05-2020,Males,1,Males,10-19,2,10-19,251,0,3,0
15-05-2020,Males,1,Males,10-19,2,10-19,258,0,7,0
14-03-2020,Males,1,Males,10-19,2,10-19,259,0,1,
07-05-2020,Males,1,Males,10-19,2,10-19,273,0,14,0
05-03-2020,Males,1,Males,10-19,2,10-19,273,0,0,
29-04-2020,Males,1,Males,10-19,2,10-19,275,0,2,0
11-05-2020,Males,1,Males,10-19,2,10-19,279,0,4,0
17-05-2020,Males,1,Males,10-19,2,10-19,284,0,5,0
24-05-2020,Males,1,Males,10-19,2,10-19,286,0,2,0
21-05-2020,Males,1,Males,10-19,2,10-19,292,0,6,0
09-05-2020,Males,1,Males,10-19,2,10-19,297,0,5,0
09-04-2020,Males,1,Males,10-19,2,10-19,310,0,13,0
23-05-2020,Males,1,Males,10-19,2,10-19,315,0,5,0
07-03-2020,Males,1,Males,10-19,2,10-19,317,0,2,
18-04-2020,Males,1,Males,10-19,2,10-19,322,0,5,0
01-04-2020,Males,1,Males,10-19,2,10-19,331,0,9,0
29-03-2020,Males,1,Males,10-19,2,10-19,338,0,7,0
20-05-2020,Males,1,Males,10-19,2,10-19,342,0,4,0
05-05-2020,Males,1,Males,10-19,2,10-19,345,0,3,0
22-05-2020,Males,1,Males,10-19,2,10-19,354,0,9,0
16-03-2020,Males,1,Males,10-19,2,10-19,356,0,2,
08-05-2020,Males,1,Males,10-19,2,10-19,364,0,8,0
15-04-2020,Males,1,Males,10-19,2,10-19,374,0,10,0
08-03-2020,Males,1,Males,10-19,2,10-19,374,0,0,
12-05-2020,Males,1,Males,10-19,2,10-19,381,0,7,0
23-03-2020,Males,1,Males,10-19,2,10-19,385,0,4,
24-04-2020,Males,1,Males,10-19,2,10-19,387,0,2,0
27-04-2020,Males,1,Males,10-19,2,10-19,391,0,4,0
11-04-2020,Males,1,Males,10-19,2,10-19,396,0,5,0
27-03-2020,Males,1,Males,10-19,2,10-19,397,0,1,0
14-05-2020,Males,1,Males,10-19,2,10-19,402,0,5,0
04-03-2020,Males,1,Males,10-19,2,10-19,402,0,0,
17-04-2020,Males,1,Males,10-19,2,10-19,402,0,0,0
03-05-2020,Males,1,Males,10-19,2,10-19,402,0,0,0
26-05-2020,Males,1,Males,10-19,2,10-19,408,0,6,0
30-03-2020,Males,1,Males,10-19,2,10-19,411,0,3,0
19-03-2020,Males,1,Males,10-19,2,10-19,413,0,2,
23-04-2020,Males,1,Males,10-19,2,10-19,415,0,2,0
12-04-2020,Males,1,Males,10-19,2,10-19,425,0,10,0
17-03-2020,Males,1,Males,10-19,2,10-19,428,0,3,
14-04-2020,Males,1,Males,10-19,2,10-19,432,0,4,0
10-05-2020,Males,1,Males,10-19,2,10-19,436,0,4,0
19-04-2020,Males,1,Males,10-19,2,10-19,451,0,15,0
13-03-2020,Males,1,Males,10-19,2,10-19,451,0,0,
25-05-2020,Males,1,Males,10-19,2,10-19,456,0,5,0
30-04-2020,Males,1,Males,10-19,2,10-19,468,0,12,0
28-04-2020,Males,1,Males,10-19,2,10-19,469,0,1,0
30-03-2020,Males,1,Males,20-29,3,20-29,23,0,23,0
23-04-2020,Males,1,Males,20-29,3,20-29,59,0,36,0
17-05-2020,Males,1,Males,20-29,3,20-29,76,0,17,0
30-04-2020,Males,1,Males,20-29,3,20-29,117,0,41,0
16-04-2020,Males,1,Males,20-29,3,20-29,152,0,35,0
27-03-2020,Males,1,Males,20-29,3,20-29,165,0,13,0
16-03-2020,Males,1,Males,20-29,3,20-29,170,0,5,
07-04-2020,Males,1,Males,20-29,3,20-29,201,0,31,0
13-05-2020,Males,1,Males,20-29,3,20-29,213,0,12,0
10-05-2020,Males,1,Males,20-29,3,20-29,237,0,24,0
26-05-2020,Males,1,Males,20-29,3,20-29,258,0,21,0
05-03-2020,Males,1,Males,20-29,3,20-29,258,0,0,
11-03-2020,Males,1,Males,20-29,3,20-29,260,0,2,
04-04-2020,Males,1,Males,20-29,3,20-29,285,0,25,0
31-03-2020,Males,1,Males,20-29,3,20-29,339,0,54,0
12-04-2020,Males,1,Males,20-29,3,20-29,363,0,24,0
19-05-2020,Males,1,Males,20-29,3,20-29,385,0,22,0
09-03-2020,Males,1,Males,20-29,3,20-29,385,0,0,
14-05-2020,Males,1,Males,20-29,3,20-29,403,0,18,0
05-04-2020,Males,1,Males,20-29,3,20-29,440,0,37,0
24-03-2020,Males,1,Males,20-29,3,20-29,473,0,33,
11-04-2020,Males,1,Males,20-29,3,20-29,481,0,8,0
02-03-2020,Males,1,Males,20-29,3,20-29,481,0,,
07-05-2020,Males,1,Males,20-29,3,20-29,540,0,59,0
25-04-2020,Males,1,Males,20-29,3,20-29,552,0,12,0
27-04-2020,Males,1,Males,20-29,3,20-29,558,0,6,0
29-03-2020,Males,1,Males,20-29,3,20-29,583,0,25,0
20-03-2020,Males,1,Males,20-29,3,20-29,593,0,10,
13-04-2020,Males,1,Males,20-29,3,20-29,616,0,23,0
11-05-2020,Males,1,Males,20-29,3,20-29,623,0,7,0
12-03-2020,Males,1,Males,20-29,3,20-29,626,0,3,
03-03-2020,Males,1,Males,20-29,3,20-29,626,0,,
18-04-2020,Males,1,Males,20-29,3,20-29,658,0,32,0
01-03-2020,Males,1,Males,20-29,3,20-29,658,0,,
15-03-2020,Males,1,Males,20-29,3,20-29,662,0,4,
14-04-2020,Males,1,Males,20-29,3,20-29,684,0,22,0
25-03-2020,Males,1,Males,20-29,3,20-29,708,0,24,0
02-05-2020,Males,1,Males,20-29,3,20-29,732,0,24,0
18-03-2020,Males,1,Males,20-29,3,20-29,743,0,11,
13-03-2020,Males,1,Males,20-29,3,20-29,745,0,2,
06-04-2020,Males,1,Males,20-29,3,20-29,765,0,20,0
01-05-2020,Males,1,Males,20-29,3,20-29,792,0,27,0
28-04-2020,Males,1,Males,20-29,3,20-29,809,0,17,0
16-05-2020,Males,1,Males,20-29,3,20-29,827,0,18,0
01-04-2020,Males,1,Males,20-29,3,20-29,864,0,37,0
24-04-2020,Males,1,Males,20-29,3,20-29,903,0,39,0
05-05-2020,Males,1,Males,20-29,3,20-29,920,1,17,1
09-04-2020,Males,1,Males,20-29,3,20-29,951,1,31,0
12-05-2020,Males,1,Males,20-29,3,20-29,966,1,15,0
17-03-2020,Males,1,Males,20-29,3,20-29,979,1,13,
21-05-2020,Males,1,Males,20-29,3,20-29,1008,1,29,0
07-03-2020,Males,1,Males,20-29,3,20-29,1009,1,1,
22-05-2020,Males,1,Males,20-29,3,20-29,1034,1,25,0
26-04-2020,Males,1,Males,20-29,3,20-29,1051,1,17,0
10-03-2020,Males,1,Males,20-29,3,20-29,1051,1,0,
15-04-2020,Males,1,Males,20-29,3,20-29,1079,1,28,0
04-03-2020,Males,1,Males,20-29,3,20-29,1079,1,0,
20-04-2020,Males,1,Males,20-29,3,20-29,1156,1,77,0
19-04-2020,Males,1,Males,20-29,3,20-29,1184,1,28,0
26-03-2020,Males,1,Males,20-29,3,20-29,1193,1,9,0
29-04-2020,Males,1,Males,20-29,3,20-29,1197,1,4,0
08-05-2020,Males,1,Males,20-29,3,20-29,1239,1,42,0
03-04-2020,Males,1,Males,20-29,3,20-29,1274,1,35,0
23-05-2020,Males,1,Males,20-29,3,20-29,1311,1,37,0
22-03-2020,Males,1,Males,20-29,3,20-29,1325,1,14,
17-04-2020,Males,1,Males,20-29,3,20-29,1332,1,7,0
10-04-2020,Males,1,Males,20-29,3,20-29,1383,1,51,0
06-03-2020,Males,1,Males,20-29,3,20-29,1383,1,0,
06-05-2020,Males,1,Males,20-29,3,20-29,1433,1,50,0
18-05-2020,Males,1,Males,20-29,3,20-29,1451,1,18,0
24-05-2020,Males,1,Males,20-29,3,20-29,1466,1,15,0
20-05-2020,Males,1,Males,20-29,3,20-29,1483,1,17,0
21-04-2020,Males,1,Males,20-29,3,20-29,1538,1,55,0
28-03-2020,Males,1,Males,20-29,3,20-29,1575,1,37,0
19-03-2020,Males,1,Males,20-29,3,20-29,1581,1,6,
25-05-2020,Males,1,Males,20-29,3,20-29,1615,1,34,0
14-03-2020,Males,1,Males,20-29,3,20-29,1619,1,4,
03-05-2020,Males,1,Males,20-29,3,20-29,1619,1,0,0
08-03-2020,Males,1,Males,20-29,3,20-29,1619,1,0,
15-05-2020,Males,1,Males,20-29,3,20-29,1647,1,28,0
02-04-2020,Males,1,Males,20-29,3,20-29,1682,1,35,0
09-05-2020,Males,1,Males,20-29,3,20-29,1686,1,4,0
04-05-2020,Males,1,Males,20-29,3,20-29,1712,1,26,0
08-04-2020,Males,1,Males,20-29,3,20-29,1741,1,29,0
22-04-2020,Males,1,Males,20-29,3,20-29,1775,1,34,0
23-03-2020,Males,1,Males,20-29,3,20-29,1793,1,18,
21-03-2020,Males,1,Males,20-29,3,20-29,1800,1,7,
18-04-2020,Males,1,Males,30-39,4,30-39,44,0,44,0
30-03-2020,Males,1,Males,30-39,4,30-39,73,0,29,0
24-04-2020,Males,1,Males,30-39,4,30-39,99,0,26,0
22-05-2020,Males,1,Males,30-39,4,30-39,132,0,33,0
17-03-2020,Males,1,Males,30-39,4,30-39,148,0,16,
03-03-2020,Males,1,Males,30-39,4,30-39,148,0,,
15-03-2020,Males,1,Males,30-39,4,30-39,158,0,10,
18-03-2020,Males,1,Males,30-39,4,30-39,169,0,11,
02-03-2020,Males,1,Males,30-39,4,30-39,169,0,,
26-04-2020,Males,1,Males,30-39,4,30-39,181,0,12,0
23-03-2020,Males,1,Males,30-39,4,30-39,207,0,26,
12-04-2020,Males,1,Males,30-39,4,30-39,236,0,29,0
06-03-2020,Males,1,Males,30-39,4,30-39,236,0,0,
30-04-2020,Males,1,Males,30-39,4,30-39,265,0,29,0
01-03-2020,Males,1,Males,30-39,4,30-39,265,0,,
20-03-2020,Males,1,Males,30-39,4,30-39,289,0,24,
09-05-2020,Males,1,Males,30-39,4,30-39,300,0,11,0
01-05-2020,Males,1,Males,30-39,4,30-39,319,0,19,0
11-04-2020,Males,1,Males,30-39,4,30-39,331,0,12,0
20-04-2020,Males,1,Males,30-39,4,30-39,387,0,56,0
27-03-2020,Males,1,Males,30-39,4,30-39,426,0,39,0
16-04-2020,Males,1,Males,30-39,4,30-39,471,0,45,0
08-03-2020,Males,1,Males,30-39,4,30-39,472,0,1,
04-03-2020,Males,1,Males,30-39,4,30-39,472,0,0,
15-05-2020,Males,1,Males,30-39,4,30-39,500,0,28,0
16-05-2020,Males,1,Males,30-39,4,30-39,515,0,15,0
07-03-2020,Males,1,Males,30-39,4,30-39,515,0,0,
20-05-2020,Males,1,Males,30-39,4,30-39,546,0,31,0
16-03-2020,Males,1,Males,30-39,4,30-39,551,0,5,
21-03-2020,Males,1,Males,30-39,4,30-39,572,0,21,
26-03-2020,Males,1,Males,30-39,4,30-39,610,0,38,0
29-04-2020,Males,1,Males,30-39,4,30-39,628,0,18,0
26-05-2020,Males,1,Males,30-39,4,30-39,642,0,14,0
10-03-2020,Males,1,Males,30-39,4,30-39,642,0,0,
18-05-2020,Males,1,Males,30-39,4,30-39,666,0,24,0
05-04-2020,Males,1,Males,30-39,4,30-39,714,0,48,0
19-03-2020,Males,1,Males,30-39,4,30-39,723,0,9,
12-03-2020,Males,1,Males,30-39,4,30-39,727,0,4,
27-04-2020,Males,1,Males,30-39,4,30-39,733,0,6,0
09-03-2020,Males,1,Males,30-39,4,30-39,734,0,1,
25-03-2020,Males,1,Males,30-39,4,30-39,776,0,42,0
05-03-2020,Males,1,Males,30-39,4,30-39,776,0,0,
02-04-2020,Males,1,Males,30-39,4,30-39,826,0,50,0
07-04-2020,Males,1,Males,30-39,4,30-39,855,0,29,0
19-04-2020,Males,1,Males,30-39,4,30-39,886,0,31,0
06-05-2020,Males,1,Males,30-39,4,30-39,931,0,45,0
22-03-2020,Males,1,Males,30-39,4,30-39,955,0,24,
22-04-2020,Males,1,Males,30-39,4,30-39,980,0,25,0
14-05-2020,Males,1,Males,30-39,4,30-39,992,0,12,0
06-04-2020,Males,1,Males,30-39,4,30-39,1022,0,30,0
04-05-2020,Males,1,Males,30-39,4,30-39,1058,0,36,0
14-04-2020,Males,1,Males,30-39,4,30-39,1073,0,15,0
13-05-2020,Males,1,Males,30-39,4,30-39,1097,0,24,0
23-04-2020,Males,1,Males,30-39,4,30-39,1122,0,25,0
21-04-2020,Males,1,Males,30-39,4,30-39,1156,0,34,0
28-03-2020,Males,1,Males,30-39,4,30-39,1211,0,55,0
15-04-2020,Males,1,Males,30-39,4,30-39,1235,0,24,0
24-05-2020,Males,1,Males,30-39,4,30-39,1255,0,20,0
13-04-2020,Males,1,Males,30-39,4,30-39,1270,0,15,0
23-05-2020,Males,1,Males,30-39,4,30-39,1299,0,29,0
11-05-2020,Males,1,Males,30-39,4,30-39,1304,0,5,0
21-05-2020,Males,1,Males,30-39,4,30-39,1338,0,34,0
05-05-2020,Males,1,Males,30-39,4,30-39,1343,0,5,0
19-05-2020,Males,1,Males,30-39,4,30-39,1364,0,21,0
01-04-2020,Males,1,Males,30-39,4,30-39,1402,0,38,0
03-05-2020,Males,1,Males,30-39,4,30-39,1402,0,0,0
09-04-2020,Males,1,Males,30-39,4,30-39,1443,0,41,0
17-04-2020,Males,1,Males,30-39,4,30-39,1455,0,12,0
29-03-2020,Males,1,Males,30-39,4,30-39,1500,0,45,0
02-05-2020,Males,1,Males,30-39,4,30-39,1512,0,12,0
07-05-2020,Males,1,Males,30-39,4,30-39,1555,0,43,0
14-03-2020,Males,1,Males,30-39,4,30-39,1560,0,5,
10-04-2020,Males,1,Males,30-39,4,30-39,1642,0,82,0
10-05-2020,Males,1,Males,30-39,4,30-39,1658,0,16,0
04-04-2020,Males,1,Males,30-39,4,30-39,1700,0,42,0
25-05-2020,Males,1,Males,30-39,4,30-39,1723,0,23,0
28-04-2020,Males,1,Males,30-39,4,30-39,1737,0,14,0
25-04-2020,Males,1,Males,30-39,4,30-39,1777,0,40,0
31-03-2020,Males,1,Males,30-39,4,30-39,1846,0,69,0
08-04-2020,Males,1,Males,30-39,4,30-39,1880,0,34,0
13-03-2020,Males,1,Males,30-39,4,30-39,1887,0,7,
03-04-2020,Males,1,Males,30-39,4,30-39,1942,0,55,0
12-05-2020,Males,1,Males,30-39,4,30-39,1959,0,17,0
17-05-2020,Males,1,Males,30-39,4,30-39,1971,0,12,0
08-05-2020,Males,1,Males,30-39,4,30-39,2013,0,42,0
24-03-2020,Males,1,Males,30-39,4,30-39,2035,0,22,
11-03-2020,Males,1,Males,30-39,4,30-39,2035,0,0,
07-04-2020,Males,1,Males,40-49,5,40-49,41,0,41,0
29-03-2020,Males,1,Males,40-49,5,40-49,89,0,48,0
17-03-2020,Males,1,Males,40-49,5,40-49,99,0,10,
09-04-2020,Males,1,Males,40-49,5,40-49,142,0,43,0
12-05-2020,Males,1,Males,40-49,5,40-49,168,1,26,1
03-04-2020,Males,1,Males,40-49,5,40-49,221,1,53,0
14-05-2020,Males,1,Males,40-49,5,40-49,239,2,18,1
24-05-2020,Males,1,Males,40-49,5,40-49,250,2,11,0
20-05-2020,Males,1,Males,40-49,5,40-49,286,2,36,0
07-05-2020,Males,1,Males,40-49,5,40-49,323,2,37,0
19-03-2020,Males,1,Males,40-49,5,40-49,338,2,15,
09-05-2020,Males,1,Males,40-49,5,40-49,347,2,9,0
07-03-2020,Males,1,Males,40-49,5,40-49,348,2,1,
05-05-2020,Males,1,Males,40-49,5,40-49,349,2,1,0
26-04-2020,Males,1,Males,40-49,5,40-49,364,2,15,0
08-03-2020,Males,1,Males,40-49,5,40-49,364,2,0,
01-04-2020,Males,1,Males,40-49,5,40-49,420,2,56,0
11-03-2020,Males,1,Males,40-49,5,40-49,420,2,0,
10-05-2020,Males,1,Males,40-49,5,40-49,435,2,15,0
25-03-2020,Males,1,Males,40-49,5,40-49,483,2,48,0
27-03-2020,Males,1,Males,40-49,5,40-49,538,2,55,0
11-05-2020,Males,1,Males,40-49,5,40-49,546,2,8,0
03-03-2020,Males,1,Males,40-49,5,40-49,546,2,,
14-04-2020,Males,1,Males,40-49,5,40-49,563,3,17,1
25-05-2020,Males,1,Males,40-49,5,40-49,578,3,15,0
22-03-2020,Males,1,Males,40-49,5,40-49,610,3,32,
30-03-2020,Males,1,Males,40-49,5,40-49,638,3,28,0
10-04-2020,Males,1,Males,40-49,5,40-49,732,3,94,0
08-04-2020,Males,1,Males,40-49,5,40-49,788,3,56,0
19-05-2020,Males,1,Males,40-49,5,40-49,809,3,21,0
21-05-2020,Males,1,Males,40-49,5,40-49,835,3,26,0
12-03-2020,Males,1,Males,40-49,5,40-49,839,3,4,
28-03-2020,Males,1,Males,40-49,5,40-49,914,3,75,0
20-04-2020,Males,1,Males,40-49,5,40-49,970,3,56,0
06-05-2020,Males,1,Males,40-49,5,40-49,1022,3,52,0
18-03-2020,Males,1,Males,40-49,5,40-49,1039,3,17,
01-05-2020,Males,1,Males,40-49,5,40-49,1070,3,31,0
16-04-2020,Males,1,Males,40-49,5,40-49,1134,4,64,1
02-03-2020,Males,1,Males,40-49,5,40-49,1134,4,,
13-03-2020,Males,1,Males,40-49,5,40-49,1137,4,3,
05-03-2020,Males,1,Males,40-49,5,40-49,1138,4,1,
23-04-2020,Males,1,Males,40-49,5,40-49,1167,4,29,0
31-03-2020,Males,1,Males,40-49,5,40-49,1242,4,75,0
16-03-2020,Males,1,Males,40-49,5,40-49,1252,4,10,
23-05-2020,Males,1,Males,40-49,5,40-49,1273,4,21,0
26-05-2020,Males,1,Males,40-49,5,40-49,1294,4,21,0
19-04-2020,Males,1,Males,40-49,5,40-49,1323,4,29,0
23-03-2020,Males,1,Males,40-49,5,40-49,1360,4,37,
15-03-2020,Males,1,Males,40-49,5,40-49,1364,4,4,
06-04-2020,Males,1,Males,40-49,5,40-49,1398,4,34,0
11-04-2020,Males,1,Males,40-49,5,40-49,1420,4,22,0
04-04-2020,Males,1,Males,40-49,5,40-49,1457,5,37,1
27-04-2020,Males,1,Males,40-49,5,40-49,1467,5,10,0
16-05-2020,Males,1,Males,40-49,5,40-49,1482,5,15,0
03-05-2020,Males,1,Males,40-49,5,40-49,1482,5,0,0
28-04-2020,Males,1,Males,40-49,5,40-49,1507,5,25,0
12-04-2020,Males,1,Males,40-49,5,40-49,1534,5,27,0
21-03-2020,Males,1,Males,40-49,5,40-49,1553,5,19,
02-04-2020,Males,1,Males,40-49,5,40-49,1593,5,40,0
24-04-2020,Males,1,Males,40-49,5,40-49,1623,5,30,0
02-05-2020,Males,1,Males,40-49,5,40-49,1630,5,7,0
09-03-2020,Males,1,Males,40-49,5,40-49,1631,5,1,
08-05-2020,Males,1,Males,40-49,5,40-49,1681,5,50,0
06-03-2020,Males,1,Males,40-49,5,40-49,1683,5,2,
20-03-2020,Males,1,Males,40-49,5,40-49,1695,5,12,
22-05-2020,Males,1,Males,40-49,5,40-49,1722,7,27,2
18-04-2020,Males,1,Males,40-49,5,40-49,1755,7,33,0
25-04-2020,Males,1,Males,40-49,5,40-49,1793,8,38,1
26-03-2020,Males,1,Males,40-49,5,40-49,1825,8,32,0
18-05-2020,Males,1,Males,40-49,5,40-49,1843,8,18,0
29-04-2020,Males,1,Males,40-49,5,40-49,1853,8,10,0
01-03-2020,Males,1,Males,40-49,5,40-49,1853,8,,
14-03-2020,Males,1,Males,40-49,5,40-49,1861,8,8,
15-05-2020,Males,1,Males,40-49,5,40-49,1882,8,21,0
30-04-2020,Males,1,Males,40-49,5,40-49,1902,8,20,0
24-03-2020,Males,1,Males,40-49,5,40-49,1948,8,46,
04-03-2020,Males,1,Males,40-49,5,40-49,1949,8,1,
22-04-2020,Males,1,Males,40-49,5,40-49,1970,8,21,0
15-04-2020,Males,1,Males,40-49,5,40-49,2015,8,45,0
17-04-2020,Males,1,Males,40-49,5,40-49,2029,8,14,0
10-03-2020,Males,1,Males,40-49,5,40-49,2029,8,0,
04-05-2020,Males,1,Males,40-49,5,40-49,2042,8,13,0
13-04-2020,Males,1,Males,40-49,5,40-49,2058,8,16,0
21-04-2020,Males,1,Males,40-49,5,40-49,2059,9,1,1
13-05-2020,Males,1,Males,40-49,5,40-49,2081,9,22,0
17-05-2020,Males,1,Males,40-49,5,40-49,2099,9,18,0
05-04-2020,Males,1,Males,40-49,5,40-49,2154,9,55,0
19-04-2020,Males,1,Males,50-59,6,50-59,28,1,28,1
02-03-2020,Males,1,Males,50-59,6,50-59,28,1,,
09-03-2020,Males,1,Males,50-59,6,50-59,28,1,0,
07-04-2020,Males,1,Males,50-59,6,50-59,65,2,37,1
28-04-2020,Males,1,Males,50-59,6,50-59,75,2,10,0
09-04-2020,Males,1,Males,50-59,6,50-59,114,2,39,0
20-03-2020,Males,1,Males,50-59,6,50-59,137,2,23,
25-05-2020,Males,1,Males,50-59,6,50-59,144,3,7,1
04-04-2020,Males,1,Males,50-59,6,50-59,196,2,52,-1
28-03-2020,Males,1,Males,50-59,6,50-59,248,3,52,1
24-03-2020,Males,1,Males,50-59,6,50-59,289,3,41,
05-03-2020,Males,1,Males,50-59,6,50-59,290,3,1,
11-03-2020,Males,1,Males,50-59,6,50-59,291,3,1,
19-05-2020,Males,1,Males,50-59,6,50-59,296,3,5,0
21-05-2020,Males,1,Males,50-59,6,50-59,316,3,20,0
23-05-2020,Males,1,Males,50-59,6,50-59,332,2,16,-1
23-04-2020,Males,1,Males,50-59,6,50-59,356,3,24,1
12-04-2020,Males,1,Males,50-59,6,50-59,392,3,36,0
17-05-2020,Males,1,Males,50-59,6,50-59,409,3,17,0
01-05-2020,Males,1,Males,50-59,6,50-59,427,4,18,1
29-04-2020,Males,1,Males,50-59,6,50-59,445,5,18,1
02-04-2020,Males,1,Males,50-59,6,50-59,510,5,65,0
18-03-2020,Males,1,Males,50-59,6,50-59,511,5,1,
22-04-2020,Males,1,Males,50-59,6,50-59,538,5,27,0
02-05-2020,Males,1,Males,50-59,6,50-59,570,6,32,1
18-04-2020,Males,1,Males,50-59,6,50-59,609,7,39,1
01-04-2020,Males,1,Males,50-59,6,50-59,672,8,63,1
17-03-2020,Males,1,Males,50-59,6,50-59,682,8,10,
06-03-2020,Males,1,Males,50-59,6,50-59,683,8,1,
08-03-2020,Males,1,Males,50-59,6,50-59,684,8,1,
06-05-2020,Males,1,Males,50-59,6,50-59,721,8,37,0
05-05-2020,Males,1,Males,50-59,6,50-59,724,9,3,1
04-03-2020,Males,1,Males,50-59,6,50-59,724,9,0,
12-03-2020,Males,1,Males,50-59,6,50-59,728,9,4,
12-05-2020,Males,1,Males,50-59,6,50-59,750,10,22,1
21-03-2020,Males,1,Males,50-59,6,50-59,767,10,17,
07-03-2020,Males,1,Males,50-59,6,50-59,767,10,0,
16-03-2020,Males,1,Males,50-59,6,50-59,771,10,4,
16-05-2020,Males,1,Males,50-59,6,50-59,788,10,17,0
15-05-2020,Males,1,Males,50-59,6,50-59,807,10,19,0
27-03-2020,Males,1,Males,50-59,6,50-59,876,10,69,0
26-05-2020,Males,1,Males,50-59,6,50-59,884,10,8,0
14-03-2020,Males,1,Males,50-59,6,50-59,893,10,9,
19-03-2020,Males,1,Males,50-59,6,50-59,912,10,19,
13-03-2020,Males,1,Males,50-59,6,50-59,916,10,4,
10-05-2020,Males,1,Males,50-59,6,50-59,937,10,21,0
05-04-2020,Males,1,Males,50-59,6,50-59,987,10,50,0
15-04-2020,Males,1,Males,50-59,6,50-59,1019,10,32,0
08-05-2020,Males,1,Males,50-59,6,50-59,1051,10,32,0
09-05-2020,Males,1,Males,50-59,6,50-59,1056,13,5,3
17-04-2020,Males,1,Males,50-59,6,50-59,1064,13,8,0
04-05-2020,Males,1,Males,50-59,6,50-59,1084,13,20,0
30-04-2020,Males,1,Males,50-59,6,50-59,1105,13,21,0
25-03-2020,Males,1,Males,50-59,6,50-59,1149,14,44,1
22-03-2020,Males,1,Males,50-59,6,50-59,1176,14,27,
21-04-2020,Males,1,Males,50-59,6,50-59,1224,14,48,0
20-05-2020,Males,1,Males,50-59,6,50-59,1247,14,23,0
22-05-2020,Males,1,Males,50-59,6,50-59,1262,14,15,0
08-04-2020,Males,1,Males,50-59,6,50-59,1308,15,46,1
24-04-2020,Males,1,Males,50-59,6,50-59,1335,16,27,1
24-05-2020,Males,1,Males,50-59,6,50-59,1353,16,18,0
07-05-2020,Males,1,Males,50-59,6,50-59,1392,16,39,0
27-04-2020,Males,1,Males,50-59,6,50-59,1408,18,16,2
14-05-2020,Males,1,Males,50-59,6,50-59,1427,18,19,0
20-04-2020,Males,1,Males,50-59,6,50-59,1441,18,14,0
13-04-2020,Males,1,Males,50-59,6,50-59,1458,18,17,0
03-04-2020,Males,1,Males,50-59,6,50-59,1518,19,60,1
01-03-2020,Males,1,Males,50-59,6,50-59,1518,19,,
29-03-2020,Males,1,Males,50-59,6,50-59,1589,19,71,0
18-05-2020,Males,1,Males,50-59,6,50-59,1598,19,9,0
25-04-2020,Males,1,Males,50-59,6,50-59,1621,20,23,1
26-03-2020,Males,1,Males,50-59,6,50-59,1646,20,25,0
26-04-2020,Males,1,Males,50-59,6,50-59,1661,20,15,0
10-04-2020,Males,1,Males,50-59,6,50-59,1749,22,88,2
03-03-2020,Males,1,Males,50-59,6,50-59,1749,22,,
16-04-2020,Males,1,Males,50-59,6,50-59,1808,22,59,0
31-03-2020,Males,1,Males,50-59,6,50-59,1878,22,70,0
14-04-2020,Males,1,Males,50-59,6,50-59,1909,22,31,0
06-04-2020,Males,1,Males,50-59,6,50-59,1929,22,20,0
11-05-2020,Males,1,Males,50-59,6,50-59,1937,22,8,0
13-05-2020,Males,1,Males,50-59,6,50-59,1956,22,19,0
10-03-2020,Males,1,Males,50-59,6,50-59,1956,22,0,
03-05-2020,Males,1,Males,50-59,6,50-59,1956,22,0,0
11-04-2020,Males,1,Males,50-59,6,50-59,1990,25,34,3
23-03-2020,Males,1,Males,50-59,6,50-59,2029,25,39,
30-03-2020,Males,1,Males,50-59,6,50-59,2063,26,34,1
15-03-2020,Males,1,Males,50-59,6,50-59,2069,26,6,
14-03-2020,Males,1,Males,60-69,7,60-69,1,0,1,
18-05-2020,Males,1,Males,60-69,7,60-69,10,1,9,1
03-05-2020,Males,1,Males,60-69,7,60-69,10,2,0,1
20-03-2020,Males,1,Males,60-69,7,60-69,28,2,18,
02-04-2020,Males,1,Males,60-69,7,60-69,69,2,41,0
26-04-2020,Males,1,Males,60-69,7,60-69,81,2,12,0
13-03-2020,Males,1,Males,60-69,7,60-69,83,2,2,
24-03-2020,Males,1,Males,60-69,7,60-69,74,2,-9,
22-04-2020,Males,1,Males,60-69,7,60-69,121,2,47,0
02-03-2020,Males,1,Males,60-69,7,60-69,121,2,,
02-05-2020,Males,1,Males,60-69,7,60-69,129,3,8,1
29-03-2020,Males,1,Males,60-69,7,60-69,190,4,61,1
08-03-2020,Males,1,Males,60-69,7,60-69,191,4,1,
06-04-2020,Males,1,Males,60-69,7,60-69,210,5,19,1
15-03-2020,Males,1,Males,60-69,7,60-69,213,5,3,
31-03-2020,Males,1,Males,60-69,7,60-69,270,6,57,1
26-05-2020,Males,1,Males,60-69,7,60-69,288,7,18,1
25-05-2020,Males,1,Males,60-69,7,60-69,300,8,12,1
04-05-2020,Males,1,Males,60-69,7,60-69,307,9,7,1
01-05-2020,Males,1,Males,60-69,7,60-69,319,9,12,0
08-04-2020,Males,1,Males,60-69,7,60-69,364,10,45,1
12-03-2020,Males,1,Males,60-69,7,60-69,365,10,1,
09-04-2020,Males,1,Males,60-69,7,60-69,393,14,28,4
03-03-2020,Males,1,Males,60-69,7,60-69,393,14,,
11-03-2020,Males,1,Males,60-69,7,60-69,393,14,0,
10-04-2020,Males,1,Males,60-69,7,60-69,475,15,82,1
05-04-2020,Males,1,Males,60-69,7,60-69,516,16,41,1
19-04-2020,Males,1,Males,60-69,7,60-69,532,16,16,0
01-03-2020,Males,1,Males,60-69,7,60-69,532,16,,
20-05-2020,Males,1,Males,60-69,7,60-69,543,17,11,1
27-03-2020,Males,1,Males,60-69,7,60-69,607,18,64,1
10-03-2020,Males,1,Males,60-69,7,60-69,609,18,2,
23-03-2020,Males,1,Males,60-69,7,60-69,654,18,45,
15-04-2020,Males,1,Males,60-69,7,60-69,689,18,35,0
22-03-2020,Males,1,Males,60-69,7,60-69,706,18,17,
07-03-2020,Males,1,Males,60-69,7,60-69,706,18,0,
09-03-2020,Males,1,Males,60-69,7,60-69,706,18,0,
07-05-2020,Males,1,Males,60-69,7,60-69,730,18,24,0
10-05-2020,Males,1,Males,60-69,7,60-69,743,18,13,0
29-04-2020,Males,1,Males,60-69,7,60-69,749,20,6,2
17-05-2020,Males,1,Males,60-69,7,60-69,755,23,6,3
25-04-2020,Males,1,Males,60-69,7,60-69,770,24,15,1
16-05-2020,Males,1,Males,60-69,7,60-69,783,26,13,2
13-05-2020,Males,1,Males,60-69,7,60-69,791,27,8,1
16-04-2020,Males,1,Males,60-69,7,60-69,829,28,38,1
17-04-2020,Males,1,Males,60-69,7,60-69,838,30,9,2
30-04-2020,Males,1,Males,60-69,7,60-69,838,31,0,1
21-04-2020,Males,1,Males,60-69,7,60-69,840,33,2,2
14-04-2020,Males,1,Males,60-69,7,60-69,849,35,9,2
28-04-2020,Males,1,Males,60-69,7,60-69,860,36,11,1
28-03-2020,Males,1,Males,60-69,7,60-69,918,40,58,4
04-04-2020,Males,1,Males,60-69,7,60-69,945,42,27,2
24-04-2020,Males,1,Males,60-69,7,60-69,982,45,37,3
06-03-2020,Males,1,Males,60-69,7,60-69,982,45,0,
21-03-2020,Males,1,Males,60-69,7,60-69,1008,45,26,
06-05-2020,Males,1,Males,60-69,7,60-69,1023,47,15,2
11-04-2020,Males,1,Males,60-69,7,60-69,1044,51,21,4
03-04-2020,Males,1,Males,60-69,7,60-69,1085,53,41,2
16-03-2020,Males,1,Males,60-69,7,60-69,1099,53,14,
12-04-2020,Males,1,Males,60-69,7,60-69,1126,53,27,0
09-05-2020,Males,1,Males,60-69,7,60-69,1131,55,5,2
08-05-2020,Males,1,Males,60-69,7,60-69,1164,55,33,0
19-05-2020,Males,1,Males,60-69,7,60-69,1170,56,6,1
18-03-2020,Males,1,Males,60-69,7,60-69,1164,56,-6,
12-05-2020,Males,1,Males,60-69,7,60-69,1171,58,7,2
23-05-2020,Males,1,Males,60-69,7,60-69,1183,56,12,-2
07-04-2020,Males,1,Males,60-69,7,60-69,1219,59,36,3
20-04-2020,Males,1,Males,60-69,7,60-69,1267,59,48,0
19-03-2020,Males,1,Males,60-69,7,60-69,1300,59,33,
25-03-2020,Males,1,Males,60-69,7,60-69,1340,62,40,3
05-05-2020,Males,1,Males,60-69,7,60-69,1348,62,8,0
30-03-2020,Males,1,Males,60-69,7,60-69,1368,63,20,1
26-03-2020,Males,1,Males,60-69,7,60-69,1425,64,57,1
01-04-2020,Males,1,Males,60-69,7,60-69,1474,64,49,0
21-05-2020,Males,1,Males,60-69,7,60-69,1488,64,14,0
11-05-2020,Males,1,Males,60-69,7,60-69,1489,65,1,1
05-03-2020,Males,1,Males,60-69,7,60-69,1490,65,1,
13-04-2020,Males,1,Males,60-69,7,60-69,1504,67,14,2
14-05-2020,Males,1,Males,60-69,7,60-69,1510,67,6,0
18-04-2020,Males,1,Males,60-69,7,60-69,1540,68,30,1
15-05-2020,Males,1,Males,60-69,7,60-69,1552,68,12,0
27-04-2020,Males,1,Males,60-69,7,60-69,1557,68,5,0
23-04-2020,Males,1,Males,60-69,7,60-69,1573,71,16,3
24-05-2020,Males,1,Males,60-69,7,60-69,1584,71,11,0
22-05-2020,Males,1,Males,60-69,7,60-69,1598,73,14,2
04-03-2020,Males,1,Males,60-69,7,60-69,1598,73,0,
17-03-2020,Males,1,Males,60-69,7,60-69,1606,73,8,
21-03-2020,Males,1,Males,70-79,8,70-79,16,0,16,
29-03-2020,Males,1,Males,70-79,8,70-79,66,3,50,3
11-05-2020,Males,1,Males,70-79,8,70-79,69,4,3,1
13-05-2020,Males,1,Males,70-79,8,70-79,73,4,4,0
11-04-2020,Males,1,Males,70-79,8,70-79,95,9,22,5
25-03-2020,Males,1,Males,70-79,8,70-79,130,11,35,2
18-03-2020,Males,1,Males,70-79,8,70-79,125,11,-5,
11-03-2020,Males,1,Males,70-79,8,70-79,127,11,2,
06-05-2020,Males,1,Males,70-79,8,70-79,132,12,5,1
25-05-2020,Males,1,Males,70-79,8,70-79,135,15,3,3
12-05-2020,Males,1,Males,70-79,8,70-79,137,17,2,2
24-03-2020,Males,1,Males,70-79,8,70-79,137,17,0,
05-03-2020,Males,1,Males,70-79,8,70-79,137,17,0,
03-04-2020,Males,1,Males,70-79,8,70-79,172,22,35,5
14-03-2020,Males,1,Males,70-79,8,70-79,176,22,4,
01-03-2020,Males,1,Males,70-79,8,70-79,176,22,,
24-05-2020,Males,1,Males,70-79,8,70-79,185,23,9,1
26-05-2020,Males,1,Males,70-79,8,70-79,194,25,9,2
28-04-2020,Males,1,Males,70-79,8,70-79,208,26,14,1
15-05-2020,Males,1,Males,70-79,8,70-79,217,26,9,0
15-03-2020,Males,1,Males,70-79,8,70-79,222,26,5,
08-03-2020,Males,1,Males,70-79,8,70-79,222,26,0,
20-03-2020,Males,1,Males,70-79,8,70-79,241,26,19,
07-04-2020,Males,1,Males,70-79,8,70-79,271,31,30,5
02-03-2020,Males,1,Males,70-79,8,70-79,271,31,,
22-04-2020,Males,1,Males,70-79,8,70-79,280,33,9,2
07-05-2020,Males,1,Males,70-79,8,70-79,286,37,6,4
01-04-2020,Males,1,Males,70-79,8,70-79,325,39,39,2
07-03-2020,Males,1,Males,70-79,8,70-79,325,39,0,
04-03-2020,Males,1,Males,70-79,8,70-79,325,39,0,
26-04-2020,Males,1,Males,70-79,8,70-79,339,41,14,2
10-04-2020,Males,1,Males,70-79,8,70-79,387,44,48,3
13-04-2020,Males,1,Males,70-79,8,70-79,404,44,17,0
21-04-2020,Males,1,Males,70-79,8,70-79,426,46,22,2
09-05-2020,Males,1,Males,70-79,8,70-79,431,46,5,0
27-03-2020,Males,1,Males,70-79,8,70-79,483,46,52,0
22-05-2020,Males,1,Males,70-79,8,70-79,502,48,19,2
03-05-2020,Males,1,Males,70-79,8,70-79,502,52,0,4
28-03-2020,Males,1,Males,70-79,8,70-79,552,55,50,3
19-03-2020,Males,1,Males,70-79,8,70-79,571,55,19,
23-03-2020,Males,1,Males,70-79,8,70-79,588,55,17,
20-04-2020,Males,1,Males,70-79,8,70-79,602,56,14,1
09-03-2020,Males,1,Males,70-79,8,70-79,602,56,0,
19-04-2020,Males,1,Males,70-79,8,70-79,617,57,15,1
13-03-2020,Males,1,Males,70-79,8,70-79,618,57,1,
12-04-2020,Males,1,Males,70-79,8,70-79,639,63,21,6
17-04-2020,Males,1,Males,70-79,8,70-79,642,67,3,4
21-05-2020,Males,1,Males,70-79,8,70-79,653,67,11,0
10-05-2020,Males,1,Males,70-79,8,70-79,660,67,7,0
04-05-2020,Males,1,Males,70-79,8,70-79,669,70,9,3
16-04-2020,Males,1,Males,70-79,8,70-79,684,73,15,3
09-04-2020,Males,1,Males,70-79,8,70-79,702,74,18,1
05-04-2020,Males,1,Males,70-79,8,70-79,733,78,31,4
14-05-2020,Males,1,Males,70-79,8,70-79,738,78,5,0
30-04-2020,Males,1,Males,70-79,8,70-79,748,79,10,1
24-04-2020,Males,1,Males,70-79,8,70-79,775,84,27,5
19-05-2020,Males,1,Males,70-79,8,70-79,781,85,6,1
20-05-2020,Males,1,Males,70-79,8,70-79,785,88,4,3
17-03-2020,Males,1,Males,70-79,8,70-79,789,88,4,
10-03-2020,Males,1,Males,70-79,8,70-79,789,88,0,
01-05-2020,Males,1,Males,70-79,8,70-79,793,90,4,2
29-04-2020,Males,1,Males,70-79,8,70-79,798,91,5,1
12-03-2020,Males,1,Males,70-79,8,70-79,798,91,0,
08-05-2020,Males,1,Males,70-79,8,70-79,809,92,11,1
02-05-2020,Males,1,Males,70-79,8,70-79,810,95,1,3
18-04-2020,Males,1,Males,70-79,8,70-79,835,99,25,4
04-04-2020,Males,1,Males,70-79,8,70-79,859,102,24,3
30-03-2020,Males,1,Males,70-79,8,70-79,883,105,24,3
17-05-2020,Males,1,Males,70-79,8,70-79,888,108,5,3
23-05-2020,Males,1,Males,70-79,8,70-79,893,109,5,1
31-03-2020,Males,1,Males,70-79,8,70-79,949,111,56,2
02-04-2020,Males,1,Males,70-79,8,70-79,984,114,35,3
08-04-2020,Males,1,Males,70-79,8,70-79,1013,117,29,3
15-04-2020,Males,1,Males,70-79,8,70-79,1044,122,31,5
18-05-2020,Males,1,Males,70-79,8,70-79,1044,123,0,1
06-04-2020,Males,1,Males,70-79,8,70-79,1063,126,19,3
05-05-2020,Males,1,Males,70-79,8,70-79,1070,127,7,1
23-04-2020,Males,1,Males,70-79,8,70-79,1097,132,27,5
06-03-2020,Males,1,Males,70-79,8,70-79,1097,132,0,
25-04-2020,Males,1,Males,70-79,8,70-79,1107,136,10,4
27-04-2020,Males,1,Males,70-79,8,70-79,1111,138,4,2
16-03-2020,Males,1,Males,70-79,8,70-79,1117,138,6,
22-03-2020,Males,1,Males,70-79,8,70-79,1136,138,19,
26-03-2020,Males,1,Males,70-79,8,70-79,1178,145,42,7
03-03-2020,Males,1,Males,70-79,8,70-79,1178,145,,
16-05-2020,Males,1,Males,70-79,8,70-79,1180,145,2,0
14-04-2020,Males,1,Males,70-79,8,70-79,1198,148,18,3
19-03-2020,Males,1,Males,80+,9,80+,-2,0,-2,
08-03-2020,Males,1,Males,80+,9,80+,-2,0,0,
12-03-2020,Males,1,Males,80+,9,80+,-2,0,0,
17-03-2020,Males,1,Males,80+,9,80+,-1,0,1,
22-04-2020,Males,1,Males,80+,9,80+,10,8,11,8
30-03-2020,Males,1,Males,80+,9,80+,34,15,24,7
26-04-2020,Males,1,Males,80+,9,80+,60,20,26,5
23-05-2020,Males,1,Males,80+,9,80+,63,28,3,8
18-03-2020,Males,1,Males,80+,9,80+,77,28,14,
29-04-2020,Males,1,Males,80+,9,80+,87,32,10,4
10-03-2020,Males,1,Males,80+,9,80+,87,32,0,
18-04-2020,Males,1,Males,80+,9,80+,127,40,40,8
13-04-2020,Males,1,Males,80+,9,80+,141,47,14,7
05-04-2020,Males,1,Males,80+,9,80+,178,61,37,14
05-03-2020,Males,1,Males,80+,9,80+,178,61,0,
15-03-2020,Males,1,Males,80+,9,80+,178,61,0,
28-03-2020,Males,1,Males,80+,9,80+,225,69,47,8
26-03-2020,Males,1,Males,80+,9,80+,243,72,18,3
25-05-2020,Males,1,Males,80+,9,80+,253,73,10,1
07-05-2020,Males,1,Males,80+,9,80+,260,78,7,5
07-04-2020,Males,1,Males,80+,9,80+,303,83,43,5
04-03-2020,Males,1,Males,80+,9,80+,303,83,0,
23-03-2020,Males,1,Males,80+,9,80+,317,83,14,
25-03-2020,Males,1,Males,80+,9,80+,354,84,37,1
18-05-2020,Males,1,Males,80+,9,80+,356,86,2,2
29-03-2020,Males,1,Males,80+,9,80+,393,93,37,7
09-03-2020,Males,1,Males,80+,9,80+,393,93,0,
11-04-2020,Males,1,Males,80+,9,80+,432,101,39,8
13-05-2020,Males,1,Males,80+,9,80+,446,104,14,3
04-05-2020,Males,1,Males,80+,9,80+,462,109,16,5
02-05-2020,Males,1,Males,80+,9,80+,465,114,3,5
16-05-2020,Males,1,Males,80+,9,80+,477,121,12,7
01-05-2020,Males,1,Males,80+,9,80+,485,127,8,6
08-05-2020,Males,1,Males,80+,9,80+,495,128,10,1
24-05-2020,Males,1,Males,80+,9,80+,496,134,1,6
13-03-2020,Males,1,Males,80+,9,80+,496,134,0,
10-05-2020,Males,1,Males,80+,9,80+,498,135,2,1
22-03-2020,Males,1,Males,80+,9,80+,507,135,9,
03-03-2020,Males,1,Males,80+,9,80+,507,135,,
06-04-2020,Males,1,Males,80+,9,80+,537,137,30,2
14-05-2020,Males,1,Males,80+,9,80+,542,139,5,2
06-03-2020,Males,1,Males,80+,9,80+,542,139,0,
14-03-2020,Males,1,Males,80+,9,80+,542,139,0,
24-03-2020,Males,1,Males,80+,9,80+,557,139,15,
16-03-2020,Males,1,Males,80+,9,80+,559,139,2,
17-05-2020,Males,1,Males,80+,9,80+,560,142,1,3
20-05-2020,Males,1,Males,80+,9,80+,562,148,2,6
27-03-2020,Males,1,Males,80+,9,80+,595,155,33,7
01-03-2020,Males,1,Males,80+,9,80+,595,155,,
24-04-2020,Males,1,Males,80+,9,80+,627,166,32,11
05-05-2020,Males,1,Males,80+,9,80+,641,167,14,1
07-03-2020,Males,1,Males,80+,9,80+,641,167,0,
15-04-2020,Males,1,Males,80+,9,80+,677,178,36,11
26-05-2020,Males,1,Males,80+,9,80+,683,182,6,4
11-05-2020,Males,1,Males,80+,9,80+,688,184,5,2
04-04-2020,Males,1,Males,80+,9,80+,717,185,29,1
09-05-2020,Males,1,Males,80+,9,80+,722,187,5,2
14-04-2020,Males,1,Males,80+,9,80+,747,195,25,8
10-04-2020,Males,1,Males,80+,9,80+,821,202,74,7
23-04-2020,Males,1,Males,80+,9,80+,848,209,27,7
20-03-2020,Males,1,Males,80+,9,80+,856,209,8,
01-04-2020,Males,1,Males,80+,9,80+,919,221,63,12
16-04-2020,Males,1,Males,80+,9,80+,949,231,30,10
08-04-2020,Males,1,Males,80+,9,80+,963,242,14,11
31-03-2020,Males,1,Males,80+,9,80+,1012,247,49,5
22-05-2020,Males,1,Males,80+,9,80+,1020,247,8,0
12-05-2020,Males,1,Males,80+,9,80+,1035,253,15,6
02-03-2020,Males,1,Males,80+,9,80+,1035,253,,
03-04-2020,Males,1,Males,80+,9,80+,1066,263,31,10
28-04-2020,Males,1,Males,80+,9,80+,1093,270,27,7
21-03-2020,Males,1,Males,80+,9,80+,1103,270,10,
11-03-2020,Males,1,Males,80+,9,80+,1105,270,2,
19-04-2020,Males,1,Males,80+,9,80+,1135,278,30,8
06-05-2020,Males,1,Males,80+,9,80+,1139,280,4,2
27-04-2020,Males,1,Males,80+,9,80+,1150,288,11,8
12-04-2020,Males,1,Males,80+,9,80+,1179,294,29,6
09-04-2020,Males,1,Males,80+,9,80+,1263,304,84,10
21-04-2020,Males,1,Males,80+,9,80+,1319,311,56,7
03-05-2020,Males,1,Males,80+,9,80+,1322,319,3,8
15-05-2020,Males,1,Males,80+,9,80+,1333,319,11,0
30-04-2020,Males,1,Males,80+,9,80+,1338,324,5,5
21-05-2020,Males,1,Males,80+,9,80+,1340,331,2,7
17-04-2020,Males,1,Males,80+,9,80+,1350,341,10,10
19-05-2020,Males,1,Males,80+,9,80+,1354,348,4,7
25-04-2020,Males,1,Males,80+,9,80+,1380,356,26,8
02-04-2020,Males,1,Males,80+,9,80+,1434,367,54,11
20-04-2020,Males,1,Males,80+,9,80+,1445,376,11,9
